gvkey,iid,datadate,tic,prccd
147579,01,20100104,NFLX,53.4800
147579,01,20100105,NFLX,51.5100
147579,01,20100106,NFLX,53.3200
147579,01,20100107,NFLX,52.4000
147579,01,20100108,NFLX,53.3000
147579,01,20100111,NFLX,53.2300
147579,01,20100112,NFLX,52.3700
147579,01,20100113,NFLX,53.9600
147579,01,20100114,NFLX,50.9900
147579,01,20100115,NFLX,50.9500
147579,01,20100119,NFLX,51.2000
147579,01,20100120,NFLX,51.2400
147579,01,20100121,NFLX,51.1900
147579,01,20100122,NFLX,50.8900
147579,01,20100125,NFLX,49.1300
147579,01,20100126,NFLX,49.9500
147579,01,20100127,NFLX,50.9700
147579,01,20100128,NFLX,63.0400
147579,01,20100129,NFLX,62.2500
147579,01,20100201,NFLX,61.0300
147579,01,20100202,NFLX,61.8500
147579,01,20100203,NFLX,61.9500
147579,01,20100204,NFLX,60.3400
147579,01,20100205,NFLX,60.8400
147579,01,20100208,NFLX,60.9000
147579,01,20100209,NFLX,62.1300
147579,01,20100210,NFLX,61.4900
147579,01,20100211,NFLX,63.3600
147579,01,20100212,NFLX,63.1800
147579,01,20100216,NFLX,64.8600
147579,01,20100217,NFLX,64.5100
147579,01,20100218,NFLX,66.1000
147579,01,20100219,NFLX,66.6500
147579,01,20100222,NFLX,65.2700
147579,01,20100223,NFLX,64.3500
147579,01,20100224,NFLX,64.6900
147579,01,20100225,NFLX,65.6100
147579,01,20100226,NFLX,66.0500
147579,01,20100301,NFLX,69.7000
147579,01,20100302,NFLX,68.9800
147579,01,20100303,NFLX,67.5500
147579,01,20100304,NFLX,68.0100
147579,01,20100305,NFLX,67.6500
147579,01,20100308,NFLX,68.6800
147579,01,20100309,NFLX,69.9400
147579,01,20100310,NFLX,71.2800
147579,01,20100311,NFLX,71.1900
147579,01,20100312,NFLX,69.9800
147579,01,20100315,NFLX,69.6000
147579,01,20100316,NFLX,70.6300
147579,01,20100317,NFLX,70.9200
147579,01,20100318,NFLX,70.5400
147579,01,20100319,NFLX,70.4500
147579,01,20100322,NFLX,72.8900
147579,01,20100323,NFLX,72.9600
147579,01,20100324,NFLX,72.3700
147579,01,20100325,NFLX,73.5400
147579,01,20100326,NFLX,74.3000
147579,01,20100329,NFLX,73.9000
147579,01,20100330,NFLX,75.0600
147579,01,20100331,NFLX,73.7400
147579,01,20100401,NFLX,75.0000
147579,01,20100405,NFLX,79.9900
147579,01,20100406,NFLX,83.3700
147579,01,20100407,NFLX,79.7300
147579,01,20100408,NFLX,81.8300
147579,01,20100409,NFLX,82.4200
147579,01,20100412,NFLX,83.1800
147579,01,20100413,NFLX,86.3800
147579,01,20100414,NFLX,87.5700
147579,01,20100415,NFLX,86.8300
147579,01,20100416,NFLX,85.3100
147579,01,20100419,NFLX,84.8000
147579,01,20100420,NFLX,87.0700
147579,01,20100421,NFLX,86.9800
147579,01,20100422,NFLX,100.2500
147579,01,20100423,NFLX,99.7300
147579,01,20100426,NFLX,108.1700
147579,01,20100427,NFLX,102.0700
147579,01,20100428,NFLX,99.3900
147579,01,20100429,NFLX,103.1700
147579,01,20100430,NFLX,98.9000
147579,01,20100503,NFLX,101.9900
147579,01,20100504,NFLX,99.3600
147579,01,20100505,NFLX,98.2300
147579,01,20100506,NFLX,96.9700
147579,01,20100507,NFLX,91.0900
147579,01,20100510,NFLX,97.5050
147579,01,20100511,NFLX,99.8200
147579,01,20100512,NFLX,107.8300
147579,01,20100513,NFLX,110.0100
147579,01,20100514,NFLX,100.5600
147579,01,20100517,NFLX,106.3500
147579,01,20100518,NFLX,102.0100
147579,01,20100519,NFLX,100.6100
147579,01,20100520,NFLX,94.9900
147579,01,20100521,NFLX,99.4700
147579,01,20100524,NFLX,101.6200
147579,01,20100525,NFLX,105.0000
147579,01,20100526,NFLX,104.8000
147579,01,20100527,NFLX,108.8600
147579,01,20100528,NFLX,111.1500
147579,01,20100601,NFLX,107.2900
147579,01,20100602,NFLX,110.7801
147579,01,20100603,NFLX,111.8500
147579,01,20100604,NFLX,109.7800
147579,01,20100607,NFLX,109.1600
147579,01,20100608,NFLX,110.3300
147579,01,20100609,NFLX,115.4300
147579,01,20100610,NFLX,118.6600
147579,01,20100611,NFLX,120.6900
147579,01,20100614,NFLX,126.8100
147579,01,20100615,NFLX,123.5000
147579,01,20100616,NFLX,124.6700
147579,01,20100617,NFLX,125.8600
147579,01,20100618,NFLX,126.4200
147579,01,20100621,NFLX,118.9900
147579,01,20100622,NFLX,116.4300
147579,01,20100623,NFLX,117.7700
147579,01,20100624,NFLX,115.2500
147579,01,20100625,NFLX,117.9800
147579,01,20100628,NFLX,117.6100
147579,01,20100629,NFLX,112.5800
147579,01,20100630,NFLX,108.6500
147579,01,20100701,NFLX,109.6600
147579,01,20100702,NFLX,107.0800
147579,01,20100706,NFLX,107.2700
147579,01,20100707,NFLX,118.4900
147579,01,20100708,NFLX,116.9800
147579,01,20100709,NFLX,117.5340
147579,01,20100712,NFLX,119.3800
147579,01,20100713,NFLX,120.9200
147579,01,20100714,NFLX,123.0000
147579,01,20100715,NFLX,121.1100
147579,01,20100716,NFLX,118.3900
147579,01,20100719,NFLX,118.9000
147579,01,20100720,NFLX,120.3900
147579,01,20100721,NFLX,119.6500
147579,01,20100722,NFLX,103.5600
147579,01,20100723,NFLX,107.7000
147579,01,20100726,NFLX,102.7900
147579,01,20100727,NFLX,104.0900
147579,01,20100728,NFLX,100.3100
147579,01,20100729,NFLX,98.0200
147579,01,20100730,NFLX,102.5500
147579,01,20100802,NFLX,101.8800
147579,01,20100803,NFLX,104.4100
147579,01,20100804,NFLX,108.1300
147579,01,20100805,NFLX,110.5300
147579,01,20100806,NFLX,118.3200
147579,01,20100809,NFLX,116.9000
147579,01,20100810,NFLX,125.0100
147579,01,20100811,NFLX,126.4700
147579,01,20100812,NFLX,133.0500
147579,01,20100813,NFLX,132.2600
147579,01,20100816,NFLX,137.2200
147579,01,20100817,NFLX,132.9700
147579,01,20100818,NFLX,125.7000
147579,01,20100819,NFLX,128.2400
147579,01,20100820,NFLX,129.9600
147579,01,20100823,NFLX,126.9000
147579,01,20100824,NFLX,121.2800
147579,01,20100825,NFLX,124.2500
147579,01,20100826,NFLX,125.8400
147579,01,20100827,NFLX,126.1000
147579,01,20100830,NFLX,123.1000
147579,01,20100831,NFLX,125.5200
147579,01,20100901,NFLX,134.9150
147579,01,20100902,NFLX,138.0000
147579,01,20100903,NFLX,138.4800
147579,01,20100907,NFLX,141.7900
147579,01,20100908,NFLX,146.0000
147579,01,20100909,NFLX,145.6800
147579,01,20100910,NFLX,146.1600
147579,01,20100913,NFLX,147.9400
147579,01,20100914,NFLX,146.6500
147579,01,20100915,NFLX,143.1200
147579,01,20100916,NFLX,140.5000
147579,01,20100917,NFLX,140.4600
147579,01,20100920,NFLX,142.8899
147579,01,20100921,NFLX,147.2000
147579,01,20100922,NFLX,156.9300
147579,01,20100923,NFLX,160.4700
147579,01,20100924,NFLX,162.2100
147579,01,20100927,NFLX,164.9900
147579,01,20100928,NFLX,161.8600
147579,01,20100929,NFLX,170.6300
147579,01,20100930,NFLX,162.1600
147579,01,20101001,NFLX,154.6600
147579,01,20101004,NFLX,156.3900
147579,01,20101005,NFLX,156.1625
147579,01,20101006,NFLX,150.2700
147579,01,20101007,NFLX,151.4300
147579,01,20101008,NFLX,149.6400
147579,01,20101011,NFLX,153.6900
147579,01,20101012,NFLX,155.3900
147579,01,20101013,NFLX,154.6100
147579,01,20101014,NFLX,152.7800
147579,01,20101015,NFLX,155.7200
147579,01,20101018,NFLX,153.0000
147579,01,20101019,NFLX,149.3300
147579,01,20101020,NFLX,153.1500
147579,01,20101021,NFLX,172.6900
147579,01,20101022,NFLX,168.1000
147579,01,20101025,NFLX,166.8400
147579,01,20101026,NFLX,177.6200
147579,01,20101027,NFLX,178.5000
147579,01,20101028,NFLX,175.7000
147579,01,20101029,NFLX,173.5700
147579,01,20101101,NFLX,167.3700
147579,01,20101102,NFLX,171.6100
147579,01,20101103,NFLX,171.4600
147579,01,20101104,NFLX,167.8200
147579,01,20101105,NFLX,168.1000
147579,01,20101108,NFLX,169.1300
147579,01,20101109,NFLX,170.4600
147579,01,20101110,NFLX,176.8700
147579,01,20101111,NFLX,175.1400
147579,01,20101112,NFLX,173.0000
147579,01,20101115,NFLX,168.3000
147579,01,20101116,NFLX,165.4000
147579,01,20101117,NFLX,166.6800
147579,01,20101118,NFLX,168.3300
147579,01,20101119,NFLX,173.0400
147579,01,20101122,NFLX,188.3200
147579,01,20101123,NFLX,187.7100
147579,01,20101124,NFLX,188.7700
147579,01,20101126,NFLX,191.9000
147579,01,20101129,NFLX,198.9200
147579,01,20101130,NFLX,205.9000
147579,01,20101201,NFLX,200.1400
147579,01,20101202,NFLX,193.4200
147579,01,20101203,NFLX,185.4500
147579,01,20101206,NFLX,193.4700
147579,01,20101207,NFLX,189.8100
147579,01,20101208,NFLX,188.2300
147579,01,20101209,NFLX,191.0500
147579,01,20101210,NFLX,194.6300
147579,01,20101213,NFLX,183.8000
147579,01,20101214,NFLX,178.4500
147579,01,20101215,NFLX,178.5000
147579,01,20101216,NFLX,181.6500
147579,01,20101217,NFLX,180.0200
147579,01,20101220,NFLX,178.0500
147579,01,20101221,NFLX,186.2400
147579,01,20101222,NFLX,185.3500
147579,01,20101223,NFLX,184.5800
147579,01,20101227,NFLX,180.0100
147579,01,20101228,NFLX,183.6700
147579,01,20101229,NFLX,180.2700
147579,01,20101230,NFLX,179.8000
147579,01,20101231,NFLX,175.7000
147579,01,20110103,NFLX,178.4100
147579,01,20110104,NFLX,181.3700
147579,01,20110105,NFLX,179.7300
147579,01,20110106,NFLX,177.9900
147579,01,20110107,NFLX,179.3000
147579,01,20110110,NFLX,187.8800
147579,01,20110111,NFLX,186.6500
147579,01,20110112,NFLX,188.9000
147579,01,20110113,NFLX,191.4900
147579,01,20110114,NFLX,191.4800
147579,01,20110118,NFLX,193.6800
147579,01,20110119,NFLX,190.8700
147579,01,20110120,NFLX,185.0000
147579,01,20110121,NFLX,182.0900
147579,01,20110124,NFLX,183.9600
147579,01,20110125,NFLX,186.7400
147579,01,20110126,NFLX,183.0300
147579,01,20110127,NFLX,210.8700
147579,01,20110128,NFLX,217.9800
147579,01,20110131,NFLX,214.0800
147579,01,20110201,NFLX,212.9000
147579,01,20110202,NFLX,211.2600
147579,01,20110203,NFLX,211.4900
147579,01,20110204,NFLX,220.0700
147579,01,20110207,NFLX,218.0200
147579,01,20110208,NFLX,217.6250
147579,01,20110209,NFLX,222.2900
147579,01,20110210,NFLX,223.2000
147579,01,20110211,NFLX,231.0700
147579,01,20110214,NFLX,247.5500
147579,01,20110215,NFLX,240.7900
147579,01,20110216,NFLX,237.7225
147579,01,20110217,NFLX,235.6300
147579,01,20110218,NFLX,235.5100
147579,01,20110222,NFLX,221.6000
147579,01,20110223,NFLX,211.2000
147579,01,20110224,NFLX,215.1800
147579,01,20110225,NFLX,212.4400
147579,01,20110228,NFLX,206.6700
147579,01,20110301,NFLX,204.6300
147579,01,20110302,NFLX,204.2300
147579,01,20110303,NFLX,203.3700
147579,01,20110304,NFLX,210.7200
147579,01,20110307,NFLX,207.4000
147579,01,20110308,NFLX,195.4500
147579,01,20110309,NFLX,192.9900
147579,01,20110310,NFLX,200.0200
147579,01,20110311,NFLX,204.5410
147579,01,20110314,NFLX,201.2000
147579,01,20110315,NFLX,217.1100
147579,01,20110316,NFLX,213.8400
147579,01,20110317,NFLX,213.9000
147579,01,20110318,NFLX,209.4000
147579,01,20110321,NFLX,212.8400
147579,01,20110322,NFLX,221.3900
147579,01,20110323,NFLX,229.0600
147579,01,20110324,NFLX,229.1300
147579,01,20110325,NFLX,230.0100
147579,01,20110328,NFLX,237.3200
147579,01,20110329,NFLX,237.3800
147579,01,20110330,NFLX,237.9500
147579,01,20110331,NFLX,237.7800
147579,01,20110401,NFLX,242.0900
147579,01,20110404,NFLX,244.7200
147579,01,20110405,NFLX,244.2300
147579,01,20110406,NFLX,239.9700
147579,01,20110407,NFLX,233.9600
147579,01,20110408,NFLX,234.8600
147579,01,20110411,NFLX,228.1600
147579,01,20110412,NFLX,233.9200
147579,01,20110413,NFLX,238.7500
147579,01,20110414,NFLX,236.7300
147579,01,20110415,NFLX,235.4900
147579,01,20110418,NFLX,233.3300
147579,01,20110419,NFLX,241.5500
147579,01,20110420,NFLX,244.4300
147579,01,20110421,NFLX,252.2200
147579,01,20110425,NFLX,251.6700
147579,01,20110426,NFLX,228.9100
147579,01,20110427,NFLX,235.9600
147579,01,20110428,NFLX,234.3700
147579,01,20110429,NFLX,232.6700
147579,01,20110502,NFLX,237.1920
147579,01,20110503,NFLX,231.2400
147579,01,20110504,NFLX,229.1900
147579,01,20110505,NFLX,230.3100
147579,01,20110506,NFLX,229.4700
147579,01,20110509,NFLX,236.4100
147579,01,20110510,NFLX,237.6300
147579,01,20110511,NFLX,240.6700
147579,01,20110512,NFLX,245.7700
147579,01,20110513,NFLX,246.5200
147579,01,20110516,NFLX,237.0900
147579,01,20110517,NFLX,236.9400
147579,01,20110518,NFLX,242.5400
147579,01,20110519,NFLX,242.7300
147579,01,20110520,NFLX,245.9000
147579,01,20110523,NFLX,247.8300
147579,01,20110524,NFLX,247.6000
147579,01,20110525,NFLX,259.4700
147579,01,20110526,NFLX,263.7500
147579,01,20110527,NFLX,264.5100
147579,01,20110531,NFLX,270.8000
147579,01,20110601,NFLX,267.2600
147579,01,20110602,NFLX,271.7000
147579,01,20110603,NFLX,273.7020
147579,01,20110606,NFLX,262.5900
147579,01,20110607,NFLX,263.6900
147579,01,20110608,NFLX,262.2600
147579,01,20110609,NFLX,262.5700
147579,01,20110610,NFLX,258.6220
147579,01,20110613,NFLX,257.2200
147579,01,20110614,NFLX,261.1280
147579,01,20110615,NFLX,257.1200
147579,01,20110616,NFLX,249.3000
147579,01,20110617,NFLX,245.6700
147579,01,20110620,NFLX,245.6300
147579,01,20110621,NFLX,253.6500
147579,01,20110622,NFLX,248.6600
147579,01,20110623,NFLX,255.7200
147579,01,20110624,NFLX,256.9600
147579,01,20110627,NFLX,260.1200
147579,01,20110628,NFLX,265.0900
147579,01,20110629,NFLX,264.9400
147579,01,20110630,NFLX,262.6900
147579,01,20110701,NFLX,267.9900
147579,01,20110705,NFLX,289.6300
147579,01,20110706,NFLX,290.9600
147579,01,20110707,NFLX,292.4200
147579,01,20110708,NFLX,295.1400
147579,01,20110711,NFLX,290.7400
147579,01,20110712,NFLX,291.2700
147579,01,20110713,NFLX,298.7300
147579,01,20110714,NFLX,286.6200
147579,01,20110715,NFLX,286.9300
147579,01,20110718,NFLX,279.0000
147579,01,20110719,NFLX,287.2900
147579,01,20110720,NFLX,281.4000
147579,01,20110721,NFLX,275.8100
147579,01,20110722,NFLX,276.5800
147579,01,20110725,NFLX,281.5300
147579,01,20110726,NFLX,266.9100
147579,01,20110727,NFLX,269.4200
147579,01,20110728,NFLX,266.6200
147579,01,20110729,NFLX,265.9900
147579,01,20110801,NFLX,263.3800
147579,01,20110802,NFLX,257.2000
147579,01,20110803,NFLX,260.0000
147579,01,20110804,NFLX,245.7700
147579,01,20110805,NFLX,241.1100
147579,01,20110808,NFLX,226.6400
147579,01,20110809,NFLX,237.8000
147579,01,20110810,NFLX,232.4200
147579,01,20110811,NFLX,243.1300
147579,01,20110812,NFLX,244.0000
147579,01,20110815,NFLX,246.2800
147579,01,20110816,NFLX,239.0400
147579,01,20110817,NFLX,232.2400
147579,01,20110818,NFLX,217.4800
147579,01,20110819,NFLX,205.2100
147579,01,20110822,NFLX,205.2100
147579,01,20110823,NFLX,219.5400
147579,01,20110824,NFLX,216.0300
147579,01,20110825,NFLX,215.8300
147579,01,20110826,NFLX,221.8900
147579,01,20110829,NFLX,225.0350
147579,01,20110830,NFLX,236.2800
147579,01,20110831,NFLX,235.0100
147579,01,20110901,NFLX,233.2700
147579,01,20110902,NFLX,213.1100
147579,01,20110906,NFLX,218.7700
147579,01,20110907,NFLX,216.0000
147579,01,20110908,NFLX,211.2000
147579,01,20110909,NFLX,203.9700
147579,01,20110912,NFLX,210.0500
147579,01,20110913,NFLX,208.7500
147579,01,20110914,NFLX,208.7100
147579,01,20110915,NFLX,169.2500
147579,01,20110916,NFLX,155.1900
147579,01,20110919,NFLX,143.7500
147579,01,20110920,NFLX,130.0300
147579,01,20110921,NFLX,128.5000
147579,01,20110922,NFLX,128.5300
147579,01,20110923,NFLX,129.3600
147579,01,20110926,NFLX,132.2200
147579,01,20110927,NFLX,127.4900
147579,01,20110928,NFLX,127.1400
147579,01,20110929,NFLX,113.1900
147579,01,20110930,NFLX,113.2700
147579,01,20111003,NFLX,113.2500
147579,01,20111004,NFLX,114.9000
147579,01,20111005,NFLX,119.7600
147579,01,20111006,NFLX,123.2400
147579,01,20111007,NFLX,117.2100
147579,01,20111010,NFLX,111.6200
147579,01,20111011,NFLX,108.6600
147579,01,20111012,NFLX,113.6200
147579,01,20111013,NFLX,117.0100
147579,01,20111014,NFLX,116.0400
147579,01,20111017,NFLX,117.3300
147579,01,20111018,NFLX,111.7400
147579,01,20111019,NFLX,109.4200
147579,01,20111020,NFLX,111.4800
147579,01,20111021,NFLX,117.0400
147579,01,20111024,NFLX,118.8400
147579,01,20111025,NFLX,77.3700
147579,01,20111026,NFLX,79.4000
147579,01,20111027,NFLX,80.8600
147579,01,20111028,NFLX,84.1400
147579,01,20111031,NFLX,82.0800
147579,01,20111101,NFLX,80.0900
147579,01,20111102,NFLX,83.3900
147579,01,20111103,NFLX,92.2900
147579,01,20111104,NFLX,90.0200
147579,01,20111107,NFLX,90.8300
147579,01,20111108,NFLX,90.4700
147579,01,20111109,NFLX,88.0500
147579,01,20111110,NFLX,85.1200
147579,01,20111111,NFLX,87.7500
147579,01,20111114,NFLX,85.7200
147579,01,20111115,NFLX,86.2800
147579,01,20111116,NFLX,81.1800
147579,01,20111117,NFLX,76.4600
147579,01,20111118,NFLX,78.0600
147579,01,20111121,NFLX,74.4700
147579,01,20111122,NFLX,70.4500
147579,01,20111123,NFLX,68.5000
147579,01,20111125,NFLX,63.8580
147579,01,20111128,NFLX,69.9500
147579,01,20111129,NFLX,67.5700
147579,01,20111130,NFLX,64.5300
147579,01,20111201,NFLX,67.1700
147579,01,20111202,NFLX,66.3700
147579,01,20111205,NFLX,70.1200
147579,01,20111206,NFLX,68.1400
147579,01,20111207,NFLX,71.9600
147579,01,20111208,NFLX,69.4200
147579,01,20111209,NFLX,70.8900
147579,01,20111212,NFLX,75.2600
147579,01,20111213,NFLX,72.1100
147579,01,20111214,NFLX,71.0400
147579,01,20111215,NFLX,69.7200
147579,01,20111216,NFLX,69.8200
147579,01,20111219,NFLX,67.1500
147579,01,20111220,NFLX,71.4000
147579,01,20111221,NFLX,70.9700
147579,01,20111222,NFLX,73.8400
147579,01,20111223,NFLX,72.6200
147579,01,20111227,NFLX,70.5960
147579,01,20111228,NFLX,69.2000
147579,01,20111229,NFLX,69.3000
147579,01,20111230,NFLX,69.2900
147579,01,20120103,NFLX,72.2400
147579,01,20120104,NFLX,80.4500
147579,01,20120105,NFLX,79.3000
147579,01,20120106,NFLX,86.2900
147579,01,20120109,NFLX,98.1800
147579,01,20120110,NFLX,95.8300
147579,01,20120111,NFLX,92.1500
147579,01,20120112,NFLX,92.1500
147579,01,20120113,NFLX,94.3800
147579,01,20120117,NFLX,94.7200
147579,01,20120118,NFLX,98.5400
147579,01,20120119,NFLX,103.4600
147579,01,20120120,NFLX,100.2400
147579,01,20120123,NFLX,93.9600
147579,01,20120124,NFLX,92.6700
147579,01,20120125,NFLX,95.0400
147579,01,20120126,NFLX,116.0100
147579,01,20120127,NFLX,123.7900
147579,01,20120130,NFLX,125.4300
147579,01,20120131,NFLX,120.2000
147579,01,20120201,NFLX,122.9700
147579,01,20120202,NFLX,124.0000
147579,01,20120203,NFLX,126.4300
147579,01,20120206,NFLX,129.2500
147579,01,20120207,NFLX,127.8800
147579,01,20120208,NFLX,124.0000
147579,01,20120209,NFLX,124.8400
147579,01,20120210,NFLX,123.9300
147579,01,20120213,NFLX,118.3000
147579,01,20120214,NFLX,123.0700
147579,01,20120215,NFLX,122.0600
147579,01,20120216,NFLX,121.9100
147579,01,20120217,NFLX,121.8500
147579,01,20120221,NFLX,117.4000
147579,01,20120222,NFLX,112.4000
147579,01,20120223,NFLX,112.9900
147579,01,20120224,NFLX,111.6700
147579,01,20120227,NFLX,109.4100
147579,01,20120228,NFLX,113.3200
147579,01,20120229,NFLX,110.7300
147579,01,20120301,NFLX,112.7500
147579,01,20120302,NFLX,115.1000
147579,01,20120305,NFLX,110.8100
147579,01,20120306,NFLX,107.1300
147579,01,20120307,NFLX,105.1900
147579,01,20120308,NFLX,108.0700
147579,01,20120309,NFLX,109.1300
147579,01,20120312,NFLX,106.2000
147579,01,20120313,NFLX,106.3500
147579,01,20120314,NFLX,105.2500
147579,01,20120315,NFLX,110.1700
147579,01,20120316,NFLX,109.9600
147579,01,20120319,NFLX,114.3300
147579,01,20120320,NFLX,115.0200
147579,01,20120321,NFLX,120.1000
147579,01,20120322,NFLX,118.7300
147579,01,20120323,NFLX,120.1900
147579,01,20120326,NFLX,121.9900
147579,01,20120327,NFLX,120.6700
147579,01,20120328,NFLX,118.8050
147579,01,20120329,NFLX,115.0500
147579,01,20120330,NFLX,115.0400
147579,01,20120402,NFLX,113.9700
147579,01,20120403,NFLX,112.9600
147579,01,20120404,NFLX,110.2600
147579,01,20120405,NFLX,110.5000
147579,01,20120409,NFLX,106.6800
147579,01,20120410,NFLX,101.9200
147579,01,20120411,NFLX,99.8100
147579,01,20120412,NFLX,104.2600
147579,01,20120413,NFLX,104.1700
147579,01,20120416,NFLX,101.1500
147579,01,20120417,NFLX,107.0200
147579,01,20120418,NFLX,106.9600
147579,01,20120419,NFLX,107.0900
147579,01,20120420,NFLX,106.1100
147579,01,20120423,NFLX,101.8400
147579,01,20120424,NFLX,87.6800
147579,01,20120425,NFLX,86.3500
147579,01,20120426,NFLX,85.0700
147579,01,20120427,NFLX,83.7400
147579,01,20120430,NFLX,80.1400
147579,01,20120501,NFLX,81.3600
147579,01,20120502,NFLX,82.2300
147579,01,20120503,NFLX,75.9700
147579,01,20120504,NFLX,73.1450
147579,01,20120507,NFLX,73.4500
147579,01,20120508,NFLX,72.7900
147579,01,20120509,NFLX,74.3500
147579,01,20120510,NFLX,72.4200
147579,01,20120511,NFLX,77.3800
147579,01,20120514,NFLX,76.9600
147579,01,20120515,NFLX,77.4800
147579,01,20120516,NFLX,74.2000
147579,01,20120517,NFLX,71.9700
147579,01,20120518,NFLX,69.9600
147579,01,20120521,NFLX,71.7400
147579,01,20120522,NFLX,67.7100
147579,01,20120523,NFLX,71.9100
147579,01,20120524,NFLX,70.2700
147579,01,20120525,NFLX,70.2200
147579,01,20120529,NFLX,69.4400
147579,01,20120530,NFLX,67.3400
147579,01,20120531,NFLX,63.4400
147579,01,20120601,NFLX,62.9500
147579,01,20120604,NFLX,65.0000
147579,01,20120605,NFLX,64.8300
147579,01,20120606,NFLX,65.8800
147579,01,20120607,NFLX,64.6400
147579,01,20120608,NFLX,65.6400
147579,01,20120611,NFLX,63.0000
147579,01,20120612,NFLX,63.0200
147579,01,20120613,NFLX,62.8300
147579,01,20120614,NFLX,62.6600
147579,01,20120615,NFLX,65.7900
147579,01,20120618,NFLX,66.7300
147579,01,20120619,NFLX,69.8300
147579,01,20120620,NFLX,68.1590
147579,01,20120621,NFLX,65.8400
147579,01,20120622,NFLX,67.8600
147579,01,20120625,NFLX,67.0300
147579,01,20120626,NFLX,66.8000
147579,01,20120627,NFLX,66.4900
147579,01,20120628,NFLX,67.3600
147579,01,20120629,NFLX,68.4850
147579,01,20120702,NFLX,67.8500
147579,01,20120703,NFLX,72.0400
147579,01,20120705,NFLX,81.7200
147579,01,20120706,NFLX,81.8900
147579,01,20120709,NFLX,82.9900
147579,01,20120710,NFLX,80.2300
147579,01,20120711,NFLX,81.6400
147579,01,20120712,NFLX,84.9700
147579,01,20120713,NFLX,84.9000
147579,01,20120716,NFLX,82.9800
147579,01,20120717,NFLX,81.7800
147579,01,20120718,NFLX,81.2700
147579,01,20120719,NFLX,83.1200
147579,01,20120720,NFLX,81.8200
147579,01,20120723,NFLX,79.9400
147579,01,20120724,NFLX,80.3900
147579,01,20120725,NFLX,60.2800
147579,01,20120726,NFLX,57.0100
147579,01,20120727,NFLX,58.9200
147579,01,20120730,NFLX,57.7500
147579,01,20120731,NFLX,56.8500
147579,01,20120801,NFLX,54.5000
147579,01,20120802,NFLX,53.8700
147579,01,20120803,NFLX,53.9100
147579,01,20120806,NFLX,56.7900
147579,01,20120807,NFLX,57.9000
147579,01,20120808,NFLX,57.8000
147579,01,20120809,NFLX,57.9100
147579,01,20120810,NFLX,59.9000
147579,01,20120813,NFLX,59.9100
147579,01,20120814,NFLX,61.7600
147579,01,20120815,NFLX,63.2600
147579,01,20120816,NFLX,64.3100
147579,01,20120817,NFLX,63.6900
147579,01,20120820,NFLX,64.2400
147579,01,20120821,NFLX,65.6000
147579,01,20120822,NFLX,65.4000
147579,01,20120823,NFLX,64.0500
147579,01,20120824,NFLX,63.1600
147579,01,20120827,NFLX,62.3900
147579,01,20120828,NFLX,62.9500
147579,01,20120829,NFLX,63.4400
147579,01,20120830,NFLX,60.4800
147579,01,20120831,NFLX,59.7200
147579,01,20120904,NFLX,55.9300
147579,01,20120905,NFLX,54.9600
147579,01,20120906,NFLX,56.6500
147579,01,20120907,NFLX,56.6600
147579,01,20120910,NFLX,55.9200
147579,01,20120911,NFLX,57.1600
147579,01,20120912,NFLX,57.2100
147579,01,20120913,NFLX,58.0000
147579,01,20120914,NFLX,60.5200
147579,01,20120917,NFLX,57.0200
147579,01,20120918,NFLX,56.0600
147579,01,20120919,NFLX,57.0400
147579,01,20120920,NFLX,58.7400
147579,01,20120921,NFLX,57.7900
147579,01,20120924,NFLX,56.3900
147579,01,20120925,NFLX,53.8000
147579,01,20120926,NFLX,55.1300
147579,01,20120927,NFLX,55.5500
147579,01,20120928,NFLX,54.4400
147579,01,20121001,NFLX,56.0500
147579,01,20121002,NFLX,56.4600
147579,01,20121003,NFLX,62.5800
147579,01,20121004,NFLX,66.6700
147579,01,20121005,NFLX,66.5600
147579,01,20121008,NFLX,73.5200
147579,01,20121009,NFLX,65.5281
147579,01,20121010,NFLX,65.5000
147579,01,20121011,NFLX,65.9800
147579,01,20121012,NFLX,64.3335
147579,01,20121015,NFLX,64.7600
147579,01,20121016,NFLX,66.0500
147579,01,20121017,NFLX,68.5200
147579,01,20121018,NFLX,67.3600
147579,01,20121019,NFLX,64.9800
147579,01,20121022,NFLX,67.8800
147579,01,20121023,NFLX,68.2200
147579,01,20121024,NFLX,60.1177
147579,01,20121025,NFLX,61.5100
147579,01,20121026,NFLX,69.5800
147579,01,20121031,NFLX,79.2394
147579,01,20121101,NFLX,77.6900
147579,01,20121102,NFLX,76.9000
147579,01,20121105,NFLX,78.2400
147579,01,20121106,NFLX,76.3700
147579,01,20121107,NFLX,77.6800
147579,01,20121108,NFLX,75.9700
147579,01,20121109,NFLX,77.9000
147579,01,20121112,NFLX,78.1900
147579,01,20121113,NFLX,79.6081
147579,01,20121114,NFLX,79.7808
147579,01,20121115,NFLX,81.4804
147579,01,20121116,NFLX,80.9000
147579,01,20121119,NFLX,81.3607
147579,01,20121120,NFLX,82.4000
147579,01,20121121,NFLX,83.0000
147579,01,20121123,NFLX,82.9500
147579,01,20121126,NFLX,82.0600
147579,01,20121127,NFLX,83.0800
147579,01,20121128,NFLX,82.2300
147579,01,20121129,NFLX,81.3800
147579,01,20121130,NFLX,81.7100
147579,01,20121203,NFLX,76.0000
147579,01,20121204,NFLX,86.6491
147579,01,20121205,NFLX,83.3700
147579,01,20121206,NFLX,86.1700
147579,01,20121207,NFLX,85.9800
147579,01,20121210,NFLX,84.8000
147579,01,20121211,NFLX,86.0837
147579,01,20121212,NFLX,90.7295
147579,01,20121213,NFLX,92.5600
147579,01,20121214,NFLX,93.3000
147579,01,20121217,NFLX,94.7000
147579,01,20121218,NFLX,95.6408
147579,01,20121219,NFLX,93.9785
147579,01,20121220,NFLX,93.5000
147579,01,20121221,NFLX,91.3400
147579,01,20121224,NFLX,90.2300
147579,01,20121226,NFLX,90.6500
147579,01,20121227,NFLX,90.5000
147579,01,20121228,NFLX,89.3300
147579,01,20121231,NFLX,92.5900
147579,01,20130102,NFLX,92.0100
147579,01,20130103,NFLX,96.5900
147579,01,20130104,NFLX,95.9800
147579,01,20130107,NFLX,99.2004
147579,01,20130108,NFLX,97.1563
147579,01,20130109,NFLX,95.9100
147579,01,20130110,NFLX,98.0000
147579,01,20130111,NFLX,101.2900
147579,01,20130114,NFLX,103.4450
147579,01,20130115,NFLX,101.6900
147579,01,20130116,NFLX,97.4800
147579,01,20130117,NFLX,97.7000
147579,01,20130118,NFLX,99.1700
147579,01,20130122,NFLX,97.8100
147579,01,20130123,NFLX,103.2600
147579,01,20130124,NFLX,146.8600
147579,01,20130125,NFLX,169.5600
147579,01,20130128,NFLX,162.1100
147579,01,20130129,NFLX,169.1200
147579,01,20130130,NFLX,167.7000
147579,01,20130131,NFLX,165.2400
147579,01,20130201,NFLX,164.8000
147579,01,20130204,NFLX,174.7400
147579,01,20130205,NFLX,174.3870
147579,01,20130206,NFLX,184.4100
147579,01,20130207,NFLX,181.9620
147579,01,20130208,NFLX,180.9700
147579,01,20130211,NFLX,177.8900
147579,01,20130212,NFLX,177.9500
147579,01,20130213,NFLX,186.2690
147579,01,20130214,NFLX,187.4000
147579,01,20130215,NFLX,189.5120
147579,01,20130219,NFLX,196.4500
147579,01,20130220,NFLX,187.1200
147579,01,20130221,NFLX,187.1500
147579,01,20130222,NFLX,179.8600
147579,01,20130225,NFLX,179.3200
147579,01,20130226,NFLX,184.0900
147579,01,20130227,NFLX,184.3200
147579,01,20130228,NFLX,188.0800
147579,01,20130301,NFLX,189.3700
147579,01,20130304,NFLX,181.2100
147579,01,20130305,NFLX,181.7300
147579,01,20130306,NFLX,182.9400
147579,01,20130307,NFLX,181.5600
147579,01,20130308,NFLX,184.7000
147579,01,20130311,NFLX,180.4500
147579,01,20130312,NFLX,182.1100
147579,01,20130313,NFLX,192.3600
147579,01,20130314,NFLX,188.3700
147579,01,20130315,NFLX,184.8500
147579,01,20130318,NFLX,185.5900
147579,01,20130319,NFLX,181.3700
147579,01,20130320,NFLX,183.0500
147579,01,20130321,NFLX,181.9900
147579,01,20130322,NFLX,181.3000
147579,01,20130325,NFLX,180.7900
147579,01,20130326,NFLX,190.6100
147579,01,20130327,NFLX,190.2400
147579,01,20130328,NFLX,189.2800
147579,01,20130401,NFLX,182.4300
147579,01,20130402,NFLX,176.6900
147579,01,20130403,NFLX,169.7400
147579,01,20130404,NFLX,166.6900
147579,01,20130405,NFLX,164.6600
147579,01,20130408,NFLX,163.0600
147579,01,20130409,NFLX,169.3600
147579,01,20130410,NFLX,166.0700
147579,01,20130411,NFLX,173.0100
147579,01,20130412,NFLX,173.2000
147579,01,20130415,NFLX,176.5000
147579,01,20130416,NFLX,175.8500
147579,01,20130417,NFLX,169.3600
147579,01,20130418,NFLX,163.8200
147579,01,20130419,NFLX,163.3700
147579,01,20130422,NFLX,174.3700
147579,01,20130423,NFLX,216.9900
147579,01,20130424,NFLX,216.7200
147579,01,20130425,NFLX,213.7500
147579,01,20130426,NFLX,215.5500
147579,01,20130429,NFLX,215.0130
147579,01,20130430,NFLX,216.0700
147579,01,20130501,NFLX,212.9100
147579,01,20130502,NFLX,214.4900
147579,01,20130503,NFLX,213.4500
147579,01,20130506,NFLX,210.6900
147579,01,20130507,NFLX,206.2500
147579,01,20130508,NFLX,208.6100
147579,01,20130509,NFLX,216.4100
147579,01,20130510,NFLX,217.6940
147579,01,20130513,NFLX,229.3790
147579,01,20130514,NFLX,233.9700
147579,01,20130515,NFLX,243.4000
147579,01,20130516,NFLX,237.0300
147579,01,20130517,NFLX,239.0000
147579,01,20130520,NFLX,239.5500
147579,01,20130521,NFLX,237.0900
147579,01,20130522,NFLX,228.5600
147579,01,20130523,NFLX,226.1800
147579,01,20130524,NFLX,228.7400
147579,01,20130528,NFLX,214.1900
147579,01,20130529,NFLX,215.3400
147579,01,20130530,NFLX,222.6600
147579,01,20130531,NFLX,226.2500
147579,01,20130603,NFLX,221.9700
147579,01,20130604,NFLX,225.3100
147579,01,20130605,NFLX,223.4600
147579,01,20130606,NFLX,217.7400
147579,01,20130607,NFLX,220.2200
147579,01,20130610,NFLX,220.9300
147579,01,20130611,NFLX,214.4600
147579,01,20130612,NFLX,207.6400
147579,01,20130613,NFLX,215.3900
147579,01,20130614,NFLX,213.9900
147579,01,20130617,NFLX,229.2300
147579,01,20130618,NFLX,228.8300
147579,01,20130619,NFLX,232.3100
147579,01,20130620,NFLX,223.5200
147579,01,20130621,NFLX,216.9000
147579,01,20130624,NFLX,215.6000
147579,01,20130625,NFLX,212.9000
147579,01,20130626,NFLX,212.1000
147579,01,20130627,NFLX,214.9700
147579,01,20130628,NFLX,211.0900
147579,01,20130701,NFLX,224.2800
147579,01,20130702,NFLX,221.4600
147579,01,20130703,NFLX,220.9100
147579,01,20130705,NFLX,225.1000
147579,01,20130708,NFLX,233.1000
147579,01,20130709,NFLX,247.3820
147579,01,20130710,NFLX,243.8200
147579,01,20130711,NFLX,244.1700
147579,01,20130712,NFLX,257.2610
147579,01,20130715,NFLX,257.9800
147579,01,20130716,NFLX,260.4800
147579,01,20130717,NFLX,267.9200
147579,01,20130718,NFLX,266.4100
147579,01,20130719,NFLX,264.5760
147579,01,20130722,NFLX,261.9600
147579,01,20130723,NFLX,250.2600
147579,01,20130724,NFLX,241.3000
147579,01,20130725,NFLX,246.7400
147579,01,20130726,NFLX,246.3100
147579,01,20130729,NFLX,244.9600
147579,01,20130730,NFLX,243.7600
147579,01,20130731,NFLX,244.4840
147579,01,20130801,NFLX,249.1200
147579,01,20130802,NFLX,246.1800
147579,01,20130805,NFLX,253.8400
147579,01,20130806,NFLX,255.9000
147579,01,20130807,NFLX,249.2100
147579,01,20130808,NFLX,250.4000
147579,01,20130809,NFLX,252.7500
147579,01,20130812,NFLX,256.6000
147579,01,20130813,NFLX,259.1900
147579,01,20130814,NFLX,261.8100
147579,01,20130815,NFLX,253.4100
147579,01,20130816,NFLX,258.8700
147579,01,20130819,NFLX,259.7800
147579,01,20130820,NFLX,273.2900
147579,01,20130821,NFLX,270.3700
147579,01,20130822,NFLX,269.7500
147579,01,20130823,NFLX,278.3600
147579,01,20130826,NFLX,282.7200
147579,01,20130827,NFLX,276.0400
147579,01,20130828,NFLX,283.3600
147579,01,20130829,NFLX,287.8500
147579,01,20130830,NFLX,283.9100
147579,01,20130903,NFLX,289.0000
147579,01,20130904,NFLX,292.4300
147579,01,20130905,NFLX,295.1100
147579,01,20130906,NFLX,291.5400
147579,01,20130909,NFLX,294.1500
147579,01,20130910,NFLX,313.0600
147579,01,20130911,NFLX,308.3000
147579,01,20130912,NFLX,301.4060
147579,01,20130913,NFLX,305.6500
147579,01,20130916,NFLX,302.1600
147579,01,20130917,NFLX,299.5500
147579,01,20130918,NFLX,306.9200
147579,01,20130919,NFLX,305.4980
147579,01,20130920,NFLX,313.8300
147579,01,20130923,NFLX,302.0400
147579,01,20130924,NFLX,306.4900
147579,01,20130925,NFLX,307.1400
147579,01,20130926,NFLX,313.5100
147579,01,20130927,NFLX,312.4000
147579,01,20130930,NFLX,309.2100
147579,01,20131001,NFLX,324.6200
147579,01,20131002,NFLX,330.7300
147579,01,20131003,NFLX,321.7200
147579,01,20131004,NFLX,327.2600
147579,01,20131007,NFLX,318.1600
147579,01,20131008,NFLX,302.3200
147579,01,20131009,NFLX,288.4300
147579,01,20131010,NFLX,303.9940
147579,01,20131011,NFLX,300.8480
147579,01,20131014,NFLX,324.3600
147579,01,20131015,NFLX,321.6900
147579,01,20131016,NFLX,322.8780
147579,01,20131017,NFLX,330.1000
147579,01,20131018,NFLX,333.5000
147579,01,20131021,NFLX,354.9900
147579,01,20131022,NFLX,322.5240
147579,01,20131023,NFLX,330.2400
147579,01,20131024,NFLX,331.2200
147579,01,20131025,NFLX,328.0310
147579,01,20131028,NFLX,314.0000
147579,01,20131029,NFLX,327.3000
147579,01,20131030,NFLX,318.1400
147579,01,20131031,NFLX,322.4800
147579,01,20131101,NFLX,329.2650
147579,01,20131104,NFLX,337.6000
147579,01,20131105,NFLX,341.5000
147579,01,20131106,NFLX,335.6300
147579,01,20131107,NFLX,326.8600
147579,01,20131108,NFLX,334.9000
147579,01,20131111,NFLX,337.9100
147579,01,20131112,NFLX,333.7300
147579,01,20131113,NFLX,335.2840
147579,01,20131114,NFLX,342.5700
147579,01,20131115,NFLX,349.7600
147579,01,20131118,NFLX,341.7700
147579,01,20131119,NFLX,337.2900
147579,01,20131120,NFLX,339.5200
147579,01,20131121,NFLX,348.5000
147579,01,20131122,NFLX,347.8500
147579,01,20131125,NFLX,350.2400
147579,01,20131126,NFLX,355.2000
147579,01,20131127,NFLX,362.4900
147579,01,20131129,NFLX,365.8000
147579,01,20131202,NFLX,363.9200
147579,01,20131203,NFLX,362.9400
147579,01,20131204,NFLX,356.2700
147579,01,20131205,NFLX,358.0600
147579,01,20131206,NFLX,354.4400
147579,01,20131209,NFLX,355.6700
147579,01,20131210,NFLX,363.1000
147579,01,20131211,NFLX,363.9800
147579,01,20131212,NFLX,373.3300
147579,01,20131213,NFLX,368.9700
147579,01,20131216,NFLX,366.3100
147579,01,20131217,NFLX,374.8700
147579,01,20131218,NFLX,376.2400
147579,01,20131219,NFLX,376.7400
147579,01,20131220,NFLX,375.6700
147579,01,20131223,NFLX,380.5800
147579,01,20131224,NFLX,378.3900
147579,01,20131226,NFLX,376.9300
147579,01,20131227,NFLX,367.5000
147579,01,20131230,NFLX,366.9900
147579,01,20131231,NFLX,368.1700
147579,01,20140102,NFLX,362.8200
147579,01,20140103,NFLX,363.1000
147579,01,20140106,NFLX,359.5700
147579,01,20140107,NFLX,339.5000
147579,01,20140108,NFLX,340.9900
147579,01,20140109,NFLX,337.0500
147579,01,20140110,NFLX,332.1400
147579,01,20140113,NFLX,336.8100
147579,01,20140114,NFLX,337.9600
147579,01,20140115,NFLX,330.3800
147579,01,20140116,NFLX,331.6800
147579,01,20140117,NFLX,330.0400
147579,01,20140121,NFLX,328.7100
147579,01,20140122,NFLX,333.7300
147579,01,20140123,NFLX,388.7200
147579,01,20140124,NFLX,386.0800
147579,01,20140127,NFLX,381.2300
147579,01,20140128,NFLX,406.7700
147579,01,20140129,NFLX,400.4200
147579,01,20140130,NFLX,404.6700
147579,01,20140131,NFLX,409.3300
147579,01,20140203,NFLX,404.3800
147579,01,20140204,NFLX,405.9100
147579,01,20140205,NFLX,404.4200
147579,01,20140206,NFLX,407.9100
147579,01,20140207,NFLX,429.9800
147579,01,20140210,NFLX,430.4400
147579,01,20140211,NFLX,433.9900
147579,01,20140212,NFLX,428.9300
147579,01,20140213,NFLX,436.5500
147579,01,20140214,NFLX,435.5100
147579,01,20140218,NFLX,436.8500
147579,01,20140219,NFLX,428.2300
147579,01,20140220,NFLX,434.9500
147579,01,20140221,NFLX,432.2300
147579,01,20140224,NFLX,447.0000
147579,01,20140225,NFLX,453.0300
147579,01,20140226,NFLX,448.7900
147579,01,20140227,NFLX,452.2300
147579,01,20140228,NFLX,445.6300
147579,01,20140303,NFLX,445.5900
147579,01,20140304,NFLX,454.9800
147579,01,20140305,NFLX,453.5000
147579,01,20140306,NFLX,450.5100
147579,01,20140307,NFLX,448.3700
147579,01,20140310,NFLX,439.9500
147579,01,20140311,NFLX,437.4800
147579,01,20140312,NFLX,436.5800
147579,01,20140313,NFLX,430.0600
147579,01,20140314,NFLX,424.4900
147579,01,20140317,NFLX,422.7200
147579,01,20140318,NFLX,420.2500
147579,01,20140319,NFLX,420.0900
147579,01,20140320,NFLX,424.2700
147579,01,20140321,NFLX,405.9900
147579,01,20140324,NFLX,378.9000
147579,01,20140325,NFLX,370.8400
147579,01,20140326,NFLX,372.2800
147579,01,20140327,NFLX,364.1800
147579,01,20140328,NFLX,358.8700
147579,01,20140331,NFLX,352.0300
147579,01,20140401,NFLX,364.6900
147579,01,20140402,NFLX,362.8800
147579,01,20140403,NFLX,354.6900
147579,01,20140404,NFLX,337.3100
147579,01,20140407,NFLX,338.0000
147579,01,20140408,NFLX,348.8900
147579,01,20140409,NFLX,353.0300
147579,01,20140410,NFLX,334.7300
147579,01,20140411,NFLX,326.7100
147579,01,20140414,NFLX,331.5800
147579,01,20140415,NFLX,326.2700
147579,01,20140416,NFLX,331.4100
147579,01,20140417,NFLX,345.7400
147579,01,20140421,NFLX,348.4900
147579,01,20140422,NFLX,372.9000
147579,01,20140423,NFLX,353.5000
147579,01,20140424,NFLX,344.0700
147579,01,20140425,NFLX,322.0800
147579,01,20140428,NFLX,314.2100
147579,01,20140429,NFLX,319.8700
147579,01,20140430,NFLX,322.0400
147579,01,20140501,NFLX,336.5190
147579,01,20140502,NFLX,340.6500
147579,01,20140505,NFLX,344.3800
147579,01,20140506,NFLX,326.1900
147579,01,20140507,NFLX,320.5400
147579,01,20140508,NFLX,321.6600
147579,01,20140509,NFLX,328.5500
147579,01,20140512,NFLX,345.4500
147579,01,20140513,NFLX,347.1400
147579,01,20140514,NFLX,351.8800
147579,01,20140515,NFLX,344.1900
147579,01,20140516,NFLX,349.8800
147579,01,20140519,NFLX,364.5000
147579,01,20140520,NFLX,371.6700
147579,01,20140521,NFLX,390.6000
147579,01,20140522,NFLX,391.8000
147579,01,20140523,NFLX,402.3500
147579,01,20140527,NFLX,398.8100
147579,01,20140528,NFLX,401.2400
147579,01,20140529,NFLX,415.2000
147579,01,20140530,NFLX,417.8300
147579,01,20140602,NFLX,422.0600
147579,01,20140603,NFLX,417.5700
147579,01,20140604,NFLX,423.2100
147579,01,20140605,NFLX,428.3500
147579,01,20140606,NFLX,430.1300
147579,01,20140609,NFLX,423.0900
147579,01,20140610,NFLX,428.2900
147579,01,20140611,NFLX,430.0000
147579,01,20140612,NFLX,422.4500
147579,01,20140613,NFLX,427.7100
147579,01,20140616,NFLX,430.2600
147579,01,20140617,NFLX,443.6500
147579,01,20140618,NFLX,448.6800
147579,01,20140619,NFLX,441.3900
147579,01,20140620,NFLX,440.1800
147579,01,20140623,NFLX,439.5200
147579,01,20140624,NFLX,436.3600
147579,01,20140625,NFLX,444.2100
147579,01,20140626,NFLX,439.6100
147579,01,20140627,NFLX,442.0800
147579,01,20140630,NFLX,440.6000
147579,01,20140701,NFLX,473.1000
147579,01,20140702,NFLX,466.7400
147579,01,20140703,NFLX,472.3500
147579,01,20140707,NFLX,460.6200
147579,01,20140708,NFLX,445.0500
147579,01,20140709,NFLX,443.0000
147579,01,20140710,NFLX,438.5500
147579,01,20140711,NFLX,439.9600
147579,01,20140714,NFLX,452.5801
147579,01,20140715,NFLX,449.0900
147579,01,20140716,NFLX,444.4400
147579,01,20140717,NFLX,439.3600
147579,01,20140718,NFLX,444.1700
147579,01,20140721,NFLX,451.9499
147579,01,20140722,NFLX,431.0900
147579,01,20140723,NFLX,427.9000
147579,01,20140724,NFLX,425.3800
147579,01,20140725,NFLX,421.8600
147579,01,20140728,NFLX,424.6600
147579,01,20140729,NFLX,424.2800
147579,01,20140730,NFLX,434.3600
147579,01,20140731,NFLX,422.7200
147579,01,20140801,NFLX,425.4000
147579,01,20140804,NFLX,422.7000
147579,01,20140805,NFLX,422.8500
147579,01,20140806,NFLX,430.3000
147579,01,20140807,NFLX,449.6700
147579,01,20140808,NFLX,445.8500
147579,01,20140811,NFLX,451.5400
147579,01,20140812,NFLX,446.4100
147579,01,20140813,NFLX,451.5300
147579,01,20140814,NFLX,450.8700
147579,01,20140815,NFLX,459.0900
147579,01,20140818,NFLX,466.0000
147579,01,20140819,NFLX,468.1500
147579,01,20140820,NFLX,472.1900
147579,01,20140821,NFLX,472.0500
147579,01,20140822,NFLX,479.1900
147579,01,20140825,NFLX,480.9300
147579,01,20140826,NFLX,479.3600
147579,01,20140827,NFLX,474.7000
147579,01,20140828,NFLX,475.2100
147579,01,20140829,NFLX,477.6400
147579,01,20140902,NFLX,476.6000
147579,01,20140903,NFLX,477.3900
147579,01,20140904,NFLX,472.6700
147579,01,20140905,NFLX,475.6800
147579,01,20140908,NFLX,479.3300
147579,01,20140909,NFLX,479.0100
147579,01,20140910,NFLX,484.3900
147579,01,20140911,NFLX,481.5600
147579,01,20140912,NFLX,476.5500
147579,01,20140915,NFLX,457.7500
147579,01,20140916,NFLX,456.9100
147579,01,20140917,NFLX,454.5300
147579,01,20140918,NFLX,459.0100
147579,01,20140919,NFLX,457.5200
147579,01,20140922,NFLX,442.7800
147579,01,20140923,NFLX,443.9000
147579,01,20140924,NFLX,450.5600
147579,01,20140925,NFLX,443.4900
147579,01,20140926,NFLX,448.7500
147579,01,20140929,NFLX,449.5600
147579,01,20140930,NFLX,451.1800
147579,01,20141001,NFLX,438.8000
147579,01,20141002,NFLX,449.9800
147579,01,20141003,NFLX,459.5400
147579,01,20141006,NFLX,463.4800
147579,01,20141007,NFLX,456.2500
147579,01,20141008,NFLX,466.8600
147579,01,20141009,NFLX,461.6200
147579,01,20141010,NFLX,452.0800
147579,01,20141013,NFLX,438.5800
147579,01,20141014,NFLX,449.1200
147579,01,20141015,NFLX,448.5900
147579,01,20141016,NFLX,361.7000
147579,01,20141017,NFLX,357.0900
147579,01,20141020,NFLX,359.2200
147579,01,20141021,NFLX,365.9900
147579,01,20141022,NFLX,374.6500
147579,01,20141023,NFLX,383.0400
147579,01,20141024,NFLX,385.0200
147579,01,20141027,NFLX,379.4000
147579,01,20141028,NFLX,386.2200
147579,01,20141029,NFLX,378.1000
147579,01,20141030,NFLX,379.0100
147579,01,20141031,NFLX,392.7700
147579,01,20141103,NFLX,388.4100
147579,01,20141104,NFLX,382.7800
147579,01,20141105,NFLX,380.3800
147579,01,20141106,NFLX,383.3000
147579,01,20141107,NFLX,384.1600
147579,01,20141110,NFLX,387.2700
147579,01,20141111,NFLX,382.5500
147579,01,20141112,NFLX,383.8600
147579,01,20141113,NFLX,379.4100
147579,01,20141114,NFLX,386.0400
147579,01,20141117,NFLX,381.1400
147579,01,20141118,NFLX,381.0300
147579,01,20141119,NFLX,363.1000
147579,01,20141120,NFLX,368.1400
147579,01,20141121,NFLX,360.2800
147579,01,20141124,NFLX,356.4700
147579,01,20141125,NFLX,348.9900
147579,01,20141126,NFLX,351.1600
147579,01,20141128,NFLX,346.5900
147579,01,20141201,NFLX,341.8100
147579,01,20141202,NFLX,352.3100
147579,01,20141203,NFLX,355.1200
147579,01,20141204,NFLX,350.6000
147579,01,20141205,NFLX,350.9200
147579,01,20141208,NFLX,339.4800
147579,01,20141209,NFLX,343.7800
147579,01,20141210,NFLX,334.3200
147579,01,20141211,NFLX,334.6300
147579,01,20141212,NFLX,334.4800
147579,01,20141215,NFLX,327.0400
147579,01,20141216,NFLX,316.4400
147579,01,20141217,NFLX,333.6500
147579,01,20141218,NFLX,334.4200
147579,01,20141219,NFLX,340.1200
147579,01,20141222,NFLX,336.6800
147579,01,20141223,NFLX,336.4300
147579,01,20141224,NFLX,342.1000
147579,01,20141226,NFLX,340.0500
147579,01,20141229,NFLX,341.9300
147579,01,20141230,NFLX,343.2300
147579,01,20141231,NFLX,341.6100
147579,01,20150102,NFLX,348.9400
147579,01,20150105,NFLX,331.1800
147579,01,20150106,NFLX,325.5100
147579,01,20150107,NFLX,327.2000
147579,01,20150108,NFLX,334.4550
147579,01,20150109,NFLX,329.2900
147579,01,20150112,NFLX,318.8300
147579,01,20150113,NFLX,323.7900
147579,01,20150114,NFLX,324.2400
147579,01,20150115,NFLX,323.7600
147579,01,20150116,NFLX,337.3400
147579,01,20150120,NFLX,348.8000
147579,01,20150121,NFLX,409.2800
147579,01,20150122,NFLX,428.4400
147579,01,20150123,NFLX,437.4550
147579,01,20150126,NFLX,446.5600
147579,01,20150127,NFLX,454.1700
147579,01,20150128,NFLX,442.4600
147579,01,20150129,NFLX,443.8000
147579,01,20150130,NFLX,441.8000
147579,01,20150202,NFLX,441.0650
147579,01,20150203,NFLX,456.9200
147579,01,20150204,NFLX,448.7100
147579,01,20150205,NFLX,448.9100
147579,01,20150206,NFLX,444.3600
147579,01,20150209,NFLX,443.0650
147579,01,20150210,NFLX,453.9500
147579,01,20150211,NFLX,454.8900
147579,01,20150212,NFLX,456.7300
147579,01,20150213,NFLX,466.1000
147579,01,20150217,NFLX,469.9600
147579,01,20150218,NFLX,475.0600
147579,01,20150219,NFLX,474.6000
147579,01,20150220,NFLX,478.2000
147579,01,20150223,NFLX,471.8400
147579,01,20150224,NFLX,474.8800
147579,01,20150225,NFLX,478.3300
147579,01,20150226,NFLX,483.0300
147579,01,20150227,NFLX,474.9100
147579,01,20150302,NFLX,480.2500
147579,01,20150303,NFLX,474.7100
147579,01,20150304,NFLX,469.7700
147579,01,20150305,NFLX,467.6500
147579,01,20150306,NFLX,454.1200
147579,01,20150309,NFLX,445.6300
147579,01,20150310,NFLX,435.0600
147579,01,20150311,NFLX,440.1900
147579,01,20150312,NFLX,448.3200
147579,01,20150313,NFLX,438.4000
147579,01,20150316,NFLX,421.9700
147579,01,20150317,NFLX,418.5200
147579,01,20150318,NFLX,423.1200
147579,01,20150319,NFLX,425.2100
147579,01,20150320,NFLX,428.2950
147579,01,20150323,NFLX,425.0000
147579,01,20150324,NFLX,438.2800
147579,01,20150325,NFLX,421.7500
147579,01,20150326,NFLX,418.2600
147579,01,20150327,NFLX,414.7700
147579,01,20150330,NFLX,422.5700
147579,01,20150331,NFLX,416.6900
147579,01,20150401,NFLX,413.1200
147579,01,20150402,NFLX,414.0800
147579,01,20150406,NFLX,422.3100
147579,01,20150407,NFLX,423.4600
147579,01,20150408,NFLX,441.3500
147579,01,20150409,NFLX,439.5000
147579,01,20150410,NFLX,454.5700
147579,01,20150413,NFLX,474.6800
147579,01,20150414,NFLX,478.7100
147579,01,20150415,NFLX,475.4600
147579,01,20150416,NFLX,562.0500
147579,01,20150417,NFLX,571.5500
147579,01,20150420,NFLX,567.3900
147579,01,20150421,NFLX,560.4400
147579,01,20150422,NFLX,557.6800
147579,01,20150423,NFLX,559.0600
147579,01,20150424,NFLX,558.3950
147579,01,20150427,NFLX,566.0800
147579,01,20150428,NFLX,563.0600
147579,01,20150429,NFLX,562.8500
147579,01,20150430,NFLX,556.5000
147579,01,20150501,NFLX,557.0300
147579,01,20150504,NFLX,554.9000
147579,01,20150505,NFLX,565.5500
147579,01,20150506,NFLX,560.5400
147579,01,20150507,NFLX,565.2400
147579,01,20150508,NFLX,574.6000
147579,01,20150511,NFLX,589.9450
147579,01,20150512,NFLX,583.6400
147579,01,20150513,NFLX,580.1100
147579,01,20150514,NFLX,586.8500
147579,01,20150515,NFLX,613.2500
147579,01,20150518,NFLX,617.8700
147579,01,20150519,NFLX,616.4800
147579,01,20150520,NFLX,621.5300
147579,01,20150521,NFLX,623.0200
147579,01,20150522,NFLX,621.8700
147579,01,20150526,NFLX,615.9500
147579,01,20150527,NFLX,629.0000
147579,01,20150528,NFLX,626.5500
147579,01,20150529,NFLX,624.0600
147579,01,20150601,NFLX,623.0200
147579,01,20150602,NFLX,623.9100
147579,01,20150603,NFLX,621.6600
147579,01,20150604,NFLX,625.4400
147579,01,20150605,NFLX,633.2200
147579,01,20150608,NFLX,627.2300
147579,01,20150609,NFLX,647.1500
147579,01,20150610,NFLX,671.1000
147579,01,20150611,NFLX,665.6600
147579,01,20150612,NFLX,660.9300
147579,01,20150615,NFLX,654.0200
147579,01,20150616,NFLX,666.9100
147579,01,20150617,NFLX,659.9000
147579,01,20150618,NFLX,663.2000
147579,01,20150619,NFLX,657.1000
147579,01,20150622,NFLX,674.9000
147579,01,20150623,NFLX,681.1900
147579,01,20150624,NFLX,678.6100
147579,01,20150625,NFLX,664.2400
147579,01,20150626,NFLX,651.6200
147579,01,20150629,NFLX,645.6200
147579,01,20150630,NFLX,656.9400
147579,01,20150701,NFLX,655.4500
147579,01,20150702,NFLX,658.3100
147579,01,20150706,NFLX,662.0000
147579,01,20150707,NFLX,658.6400
147579,01,20150708,NFLX,654.5500
147579,01,20150709,NFLX,670.0900
147579,01,20150710,NFLX,680.6000
147579,01,20150713,NFLX,707.6100
147579,01,20150714,NFLX,702.6000
147579,01,20150715,NFLX,98.1300
147579,01,20150716,NFLX,115.8100
147579,01,20150717,NFLX,114.7700
147579,01,20150720,NFLX,110.5500
147579,01,20150721,NFLX,112.5100
147579,01,20150722,NFLX,111.5000
147579,01,20150723,NFLX,110.1000
147579,01,20150724,NFLX,109.3400
147579,01,20150727,NFLX,106.4300
147579,01,20150728,NFLX,106.9000
147579,01,20150729,NFLX,107.0800
147579,01,20150730,NFLX,111.5600
147579,01,20150731,NFLX,114.3100
147579,01,20150803,NFLX,112.5600
147579,01,20150804,NFLX,121.1500
147579,01,20150805,NFLX,123.7100
147579,01,20150806,NFLX,126.4500
147579,01,20150807,NFLX,123.5200
147579,01,20150810,NFLX,123.0300
147579,01,20150811,NFLX,122.7400
147579,01,20150812,NFLX,120.5100
147579,01,20150813,NFLX,123.7300
147579,01,20150814,NFLX,123.3900
147579,01,20150817,NFLX,125.3600
147579,01,20150818,NFLX,124.0500
147579,01,20150819,NFLX,122.0600
147579,01,20150820,NFLX,112.4900
147579,01,20150821,NFLX,103.9600
147579,01,20150824,NFLX,96.8800
147579,01,20150825,NFLX,101.5200
147579,01,20150826,NFLX,110.1300
147579,01,20150827,NFLX,117.6600
147579,01,20150828,NFLX,117.6300
147579,01,20150831,NFLX,115.0300
147579,01,20150901,NFLX,105.7900
147579,01,20150902,NFLX,105.4400
147579,01,20150903,NFLX,101.0600
147579,01,20150904,NFLX,98.7900
147579,01,20150908,NFLX,94.9500
147579,01,20150909,NFLX,99.1800
147579,01,20150910,NFLX,99.4800
147579,01,20150911,NFLX,97.5100
147579,01,20150914,NFLX,95.6900
147579,01,20150915,NFLX,99.1600
147579,01,20150916,NFLX,104.0800
147579,01,20150917,NFLX,104.2100
147579,01,20150918,NFLX,102.6200
147579,01,20150921,NFLX,100.3000
147579,01,20150922,NFLX,98.4700
147579,01,20150923,NFLX,98.0700
147579,01,20150924,NFLX,103.7600
147579,01,20150925,NFLX,102.2400
147579,01,20150928,NFLX,99.4700
147579,01,20150929,NFLX,98.3500
147579,01,20150930,NFLX,103.2600
147579,01,20151001,NFLX,105.9800
147579,01,20151002,NFLX,106.1100
147579,01,20151005,NFLX,111.2500
147579,01,20151006,NFLX,108.3300
147579,01,20151007,NFLX,108.1000
147579,01,20151008,NFLX,114.9300
147579,01,20151009,NFLX,113.3300
147579,01,20151012,NFLX,113.4500
147579,01,20151013,NFLX,109.7300
147579,01,20151014,NFLX,110.2300
147579,01,20151015,NFLX,101.0900
147579,01,20151016,NFLX,98.9900
147579,01,20151019,NFLX,101.6900
147579,01,20151020,NFLX,98.9900
147579,01,20151021,NFLX,97.9600
147579,01,20151022,NFLX,97.3200
147579,01,20151023,NFLX,100.0400
147579,01,20151026,NFLX,103.0400
147579,01,20151027,NFLX,103.0700
147579,01,20151028,NFLX,105.8000
147579,01,20151029,NFLX,105.1200
147579,01,20151030,NFLX,108.3800
147579,01,20151102,NFLX,107.6400
147579,01,20151103,NFLX,109.7400
147579,01,20151104,NFLX,114.0500
147579,01,20151105,NFLX,113.5000
147579,01,20151106,NFLX,114.0600
147579,01,20151109,NFLX,109.8600
147579,01,20151110,NFLX,112.7000
147579,01,20151111,NFLX,112.8600
147579,01,20151112,NFLX,108.9200
147579,01,20151113,NFLX,103.6500
147579,01,20151116,NFLX,111.3500
147579,01,20151117,NFLX,117.1000
147579,01,20151118,NFLX,120.6300
147579,01,20151119,NFLX,120.2200
147579,01,20151120,NFLX,123.8400
147579,01,20151123,NFLX,125.0300
147579,01,20151124,NFLX,123.3100
147579,01,20151125,NFLX,124.1600
147579,01,20151127,NFLX,125.4400
147579,01,20151130,NFLX,123.3300
147579,01,20151201,NFLX,125.3700
147579,01,20151202,NFLX,128.9300
147579,01,20151203,NFLX,126.8100
147579,01,20151204,NFLX,130.9300
147579,01,20151207,NFLX,125.3600
147579,01,20151208,NFLX,126.9800
147579,01,20151209,NFLX,124.2000
147579,01,20151210,NFLX,122.9100
147579,01,20151211,NFLX,118.9100
147579,01,20151214,NFLX,120.6700
147579,01,20151215,NFLX,118.6000
147579,01,20151216,NFLX,122.6400
147579,01,20151217,NFLX,122.5100
147579,01,20151218,NFLX,118.0200
147579,01,20151221,NFLX,116.6300
147579,01,20151222,NFLX,116.2400
147579,01,20151223,NFLX,118.1600
147579,01,20151224,NFLX,117.3300
147579,01,20151228,NFLX,117.1100
147579,01,20151229,NFLX,119.1200
147579,01,20151230,NFLX,116.7100
147579,01,20151231,NFLX,114.3800
147579,01,20160104,NFLX,109.9600
147579,01,20160105,NFLX,107.6600
147579,01,20160106,NFLX,117.6800
147579,01,20160107,NFLX,114.5600
147579,01,20160108,NFLX,111.3900
147579,01,20160111,NFLX,114.9700
147579,01,20160112,NFLX,116.5800
147579,01,20160113,NFLX,106.5600
147579,01,20160114,NFLX,107.0600
147579,01,20160115,NFLX,104.0400
147579,01,20160119,NFLX,107.8900
147579,01,20160120,NFLX,107.7400
147579,01,20160121,NFLX,102.3500
147579,01,20160122,NFLX,100.7200
147579,01,20160125,NFLX,99.1200
147579,01,20160126,NFLX,97.8300
147579,01,20160127,NFLX,91.1500
147579,01,20160128,NFLX,94.4100
147579,01,20160129,NFLX,91.8400
147579,01,20160201,NFLX,94.0900
147579,01,20160202,NFLX,91.4900
147579,01,20160203,NFLX,90.7400
147579,01,20160204,NFLX,89.7100
147579,01,20160205,NFLX,82.7900
147579,01,20160208,NFLX,83.3200
147579,01,20160209,NFLX,86.1300
147579,01,20160210,NFLX,88.4500
147579,01,20160211,NFLX,86.3500
147579,01,20160212,NFLX,87.4000
147579,01,20160216,NFLX,89.0500
147579,01,20160217,NFLX,94.7600
147579,01,20160218,NFLX,90.4900
147579,01,20160219,NFLX,89.2300
147579,01,20160222,NFLX,91.9300
147579,01,20160223,NFLX,89.1200
147579,01,20160224,NFLX,91.6100
147579,01,20160225,NFLX,94.5300
147579,01,20160226,NFLX,94.7900
147579,01,20160229,NFLX,93.4100
147579,01,20160301,NFLX,98.3000
147579,01,20160302,NFLX,97.6100
147579,01,20160303,NFLX,97.9300
147579,01,20160304,NFLX,101.5800
147579,01,20160307,NFLX,95.4900
147579,01,20160308,NFLX,96.2300
147579,01,20160309,NFLX,98.0000
147579,01,20160310,NFLX,97.3600
147579,01,20160311,NFLX,97.6600
147579,01,20160314,NFLX,98.1300
147579,01,20160315,NFLX,97.8600
147579,01,20160316,NFLX,99.3500
147579,01,20160317,NFLX,99.7200
147579,01,20160318,NFLX,101.1200
147579,01,20160321,NFLX,101.0600
147579,01,20160322,NFLX,99.8400
147579,01,20160323,NFLX,99.5900
147579,01,20160324,NFLX,98.3600
147579,01,20160328,NFLX,101.2100
147579,01,20160329,NFLX,104.1300
147579,01,20160330,NFLX,102.1900
147579,01,20160331,NFLX,102.2300
147579,01,20160401,NFLX,105.7000
147579,01,20160404,NFLX,104.3500
147579,01,20160405,NFLX,104.9400
147579,01,20160406,NFLX,104.8300
147579,01,20160407,NFLX,104.4500
147579,01,20160408,NFLX,103.8100
147579,01,20160411,NFLX,102.6800
147579,01,20160412,NFLX,106.9800
147579,01,20160413,NFLX,109.6500
147579,01,20160414,NFLX,110.4200
147579,01,20160415,NFLX,111.5100
147579,01,20160418,NFLX,108.4000
147579,01,20160419,NFLX,94.3400
147579,01,20160420,NFLX,96.7700
147579,01,20160421,NFLX,94.9800
147579,01,20160422,NFLX,95.9000
147579,01,20160425,NFLX,93.5600
147579,01,20160426,NFLX,92.4300
147579,01,20160427,NFLX,91.0400
147579,01,20160428,NFLX,90.2800
147579,01,20160429,NFLX,90.0300
147579,01,20160502,NFLX,93.1100
147579,01,20160503,NFLX,91.5400
147579,01,20160504,NFLX,90.7900
147579,01,20160505,NFLX,89.3700
147579,01,20160506,NFLX,90.8400
147579,01,20160509,NFLX,90.5400
147579,01,20160510,NFLX,92.8900
147579,01,20160511,NFLX,90.0200
147579,01,20160512,NFLX,87.7400
147579,01,20160513,NFLX,87.8800
147579,01,20160516,NFLX,89.1200
147579,01,20160517,NFLX,88.6300
147579,01,20160518,NFLX,90.5000
147579,01,20160519,NFLX,89.5500
147579,01,20160520,NFLX,92.4900
147579,01,20160523,NFLX,94.8900
147579,01,20160524,NFLX,97.8900
147579,01,20160525,NFLX,100.2000
147579,01,20160526,NFLX,102.8100
147579,01,20160527,NFLX,103.3000
147579,01,20160531,NFLX,102.5700
147579,01,20160601,NFLX,101.5100
147579,01,20160602,NFLX,101.2500
147579,01,20160603,NFLX,99.5900
147579,01,20160606,NFLX,100.7400
147579,01,20160607,NFLX,99.8900
147579,01,20160608,NFLX,97.8600
147579,01,20160609,NFLX,97.0900
147579,01,20160610,NFLX,93.7500
147579,01,20160613,NFLX,93.8500
147579,01,20160614,NFLX,94.1200
147579,01,20160615,NFLX,94.2900
147579,01,20160616,NFLX,95.4400
147579,01,20160617,NFLX,94.4500
147579,01,20160620,NFLX,93.8000
147579,01,20160621,NFLX,90.9900
147579,01,20160622,NFLX,90.0100
147579,01,20160623,NFLX,91.6600
147579,01,20160624,NFLX,88.4400
147579,01,20160627,NFLX,85.3300
147579,01,20160628,NFLX,87.9700
147579,01,20160629,NFLX,91.0600
147579,01,20160630,NFLX,91.4800
147579,01,20160701,NFLX,96.6700
147579,01,20160705,NFLX,97.9100
147579,01,20160706,NFLX,94.6000
147579,01,20160707,NFLX,95.1000
147579,01,20160708,NFLX,97.0600
147579,01,20160711,NFLX,94.6700
147579,01,20160712,NFLX,95.9700
147579,01,20160713,NFLX,96.4300
147579,01,20160714,NFLX,98.0200
147579,01,20160715,NFLX,98.3900
147579,01,20160718,NFLX,98.8100
147579,01,20160719,NFLX,85.8400
147579,01,20160720,NFLX,87.9100
147579,01,20160721,NFLX,85.9900
147579,01,20160722,NFLX,85.8900
147579,01,20160725,NFLX,87.6600
147579,01,20160726,NFLX,91.4100
147579,01,20160727,NFLX,92.0400
147579,01,20160728,NFLX,91.6500
147579,01,20160729,NFLX,91.2500
147579,01,20160801,NFLX,94.3700
147579,01,20160802,NFLX,93.5600
147579,01,20160803,NFLX,93.1000
147579,01,20160804,NFLX,93.4400
147579,01,20160805,NFLX,97.0300
147579,01,20160808,NFLX,95.1100
147579,01,20160809,NFLX,93.9900
147579,01,20160810,NFLX,93.9300
147579,01,20160811,NFLX,95.8900
147579,01,20160812,NFLX,96.5900
147579,01,20160815,NFLX,95.3100
147579,01,20160816,NFLX,95.1200
147579,01,20160817,NFLX,96.3700
147579,01,20160818,NFLX,96.1600
147579,01,20160819,NFLX,95.8700
147579,01,20160822,NFLX,95.2600
147579,01,20160823,NFLX,95.9400
147579,01,20160824,NFLX,95.1800
147579,01,20160825,NFLX,97.3200
147579,01,20160826,NFLX,97.5800
147579,01,20160829,NFLX,97.3000
147579,01,20160830,NFLX,97.4500
147579,01,20160831,NFLX,97.4500
147579,01,20160901,NFLX,97.3800
147579,01,20160902,NFLX,97.3800
147579,01,20160906,NFLX,100.0900
147579,01,20160907,NFLX,99.1500
147579,01,20160908,NFLX,99.6600
147579,01,20160909,NFLX,96.5000
147579,01,20160912,NFLX,99.0500
147579,01,20160913,NFLX,96.0900
147579,01,20160914,NFLX,97.0100
147579,01,20160915,NFLX,97.3400
147579,01,20160916,NFLX,99.4800
147579,01,20160919,NFLX,98.0600
147579,01,20160920,NFLX,98.2500
147579,01,20160921,NFLX,94.8800
147579,01,20160922,NFLX,95.8300
147579,01,20160923,NFLX,95.9400
147579,01,20160926,NFLX,94.5600
147579,01,20160927,NFLX,97.0700
147579,01,20160928,NFLX,97.4800
147579,01,20160929,NFLX,96.6700
147579,01,20160930,NFLX,98.5500
147579,01,20161003,NFLX,102.6300
147579,01,20161004,NFLX,102.3400
147579,01,20161005,NFLX,106.2800
147579,01,20161006,NFLX,105.0700
147579,01,20161007,NFLX,104.8200
147579,01,20161010,NFLX,103.3300
147579,01,20161011,NFLX,100.5900
147579,01,20161012,NFLX,99.5000
147579,01,20161013,NFLX,100.2300
147579,01,20161014,NFLX,101.4700
147579,01,20161017,NFLX,99.8000
147579,01,20161018,NFLX,118.7900
147579,01,20161019,NFLX,121.8700
147579,01,20161020,NFLX,123.3500
147579,01,20161021,NFLX,127.5000
147579,01,20161024,NFLX,127.3300
147579,01,20161025,NFLX,126.5100
147579,01,20161026,NFLX,126.9700
147579,01,20161027,NFLX,126.4700
147579,01,20161028,NFLX,126.5700
147579,01,20161031,NFLX,124.8700
147579,01,20161101,NFLX,123.3000
147579,01,20161102,NFLX,122.3400
147579,01,20161103,NFLX,122.1400
147579,01,20161104,NFLX,122.0300
147579,01,20161107,NFLX,124.5800
147579,01,20161108,NFLX,124.3400
147579,01,20161109,NFLX,122.1900
147579,01,20161110,NFLX,115.4200
147579,01,20161111,NFLX,114.7800
147579,01,20161114,NFLX,113.3800
147579,01,20161115,NFLX,113.5900
147579,01,20161116,NFLX,115.1900
147579,01,20161117,NFLX,115.0300
147579,01,20161118,NFLX,115.2100
147579,01,20161121,NFLX,117.9600
147579,01,20161122,NFLX,118.0400
147579,01,20161123,NFLX,117.6900
147579,01,20161125,NFLX,117.4100
147579,01,20161128,NFLX,116.9300
147579,01,20161129,NFLX,117.5100
147579,01,20161130,NFLX,117.0000
147579,01,20161201,NFLX,117.2200
147579,01,20161202,NFLX,120.8100
147579,01,20161205,NFLX,119.1600
147579,01,20161206,NFLX,124.5700
147579,01,20161207,NFLX,125.3900
147579,01,20161208,NFLX,123.2400
147579,01,20161209,NFLX,122.8800
147579,01,20161212,NFLX,122.8300
147579,01,20161213,NFLX,123.7800
147579,01,20161214,NFLX,123.4400
147579,01,20161215,NFLX,125.0000
147579,01,20161216,NFLX,124.2200
147579,01,20161219,NFLX,125.4500
147579,01,20161220,NFLX,125.1200
147579,01,20161221,NFLX,126.5000
147579,01,20161222,NFLX,125.5800
147579,01,20161223,NFLX,125.5900
147579,01,20161227,NFLX,128.3500
147579,01,20161228,NFLX,125.8900
147579,01,20161229,NFLX,125.3300
147579,01,20161230,NFLX,123.8000
147579,01,20170103,NFLX,127.4900
147579,01,20170104,NFLX,129.4100
147579,01,20170105,NFLX,131.8100
147579,01,20170106,NFLX,131.0700
147579,01,20170109,NFLX,130.9500
147579,01,20170110,NFLX,129.8900
147579,01,20170111,NFLX,130.5000
147579,01,20170112,NFLX,129.1800
147579,01,20170113,NFLX,133.7000
147579,01,20170117,NFLX,132.8900
147579,01,20170118,NFLX,133.2600
147579,01,20170119,NFLX,138.4100
147579,01,20170120,NFLX,138.6000
147579,01,20170123,NFLX,137.3900
147579,01,20170124,NFLX,140.1100
147579,01,20170125,NFLX,139.5200
147579,01,20170126,NFLX,138.9600
147579,01,20170127,NFLX,142.4500
147579,01,20170130,NFLX,141.2200
147579,01,20170131,NFLX,140.7100
147579,01,20170201,NFLX,140.7800
147579,01,20170202,NFLX,139.2000
147579,01,20170203,NFLX,140.2500
147579,01,20170206,NFLX,140.9700
147579,01,20170207,NFLX,144.0000
147579,01,20170208,NFLX,144.7400
147579,01,20170209,NFLX,144.1400
147579,01,20170210,NFLX,144.8200
147579,01,20170213,NFLX,143.2000
147579,01,20170214,NFLX,140.8200
147579,01,20170215,NFLX,142.2700
147579,01,20170216,NFLX,142.0100
147579,01,20170217,NFLX,142.2200
147579,01,20170221,NFLX,142.6000
147579,01,20170222,NFLX,143.8600
147579,01,20170223,NFLX,142.7800
147579,01,20170224,NFLX,143.2500
147579,01,20170227,NFLX,143.4100
147579,01,20170228,NFLX,142.1300
147579,01,20170301,NFLX,142.6500
147579,01,20170302,NFLX,139.5300
147579,01,20170303,NFLX,139.1400
147579,01,20170306,NFLX,141.9400
147579,01,20170307,NFLX,141.4300
147579,01,20170308,NFLX,140.3200
147579,01,20170309,NFLX,140.5300
147579,01,20170310,NFLX,140.8900
147579,01,20170313,NFLX,143.5200
147579,01,20170314,NFLX,143.1900
147579,01,20170315,NFLX,145.2500
147579,01,20170316,NFLX,144.3900
147579,01,20170317,NFLX,145.1100
147579,01,20170320,NFLX,145.8300
147579,01,20170321,NFLX,142.4200
147579,01,20170322,NFLX,142.6500
147579,01,20170323,NFLX,141.8400
147579,01,20170324,NFLX,142.0200
147579,01,20170327,NFLX,144.0600
147579,01,20170328,NFLX,145.1700
147579,01,20170329,NFLX,146.4700
147579,01,20170330,NFLX,148.0600
147579,01,20170331,NFLX,147.8100
147579,01,20170403,NFLX,146.9200
147579,01,20170404,NFLX,145.5000
147579,01,20170405,NFLX,143.6200
147579,01,20170406,NFLX,143.7400
147579,01,20170407,NFLX,143.1100
147579,01,20170410,NFLX,143.8500
147579,01,20170411,NFLX,144.3500
147579,01,20170412,NFLX,143.8300
147579,01,20170413,NFLX,142.9200
147579,01,20170417,NFLX,147.2500
147579,01,20170418,NFLX,143.3600
147579,01,20170419,NFLX,139.7600
147579,01,20170420,NFLX,141.1800
147579,01,20170421,NFLX,142.8700
147579,01,20170424,NFLX,143.8300
147579,01,20170425,NFLX,152.1600
147579,01,20170426,NFLX,150.1700
147579,01,20170427,NFLX,153.0800
147579,01,20170428,NFLX,152.2000
147579,01,20170501,NFLX,155.3500
147579,01,20170502,NFLX,156.4500
147579,01,20170503,NFLX,155.5900
147579,01,20170504,NFLX,157.2500
147579,01,20170505,NFLX,156.6000
147579,01,20170508,NFLX,156.3800
147579,01,20170509,NFLX,157.4600
147579,01,20170510,NFLX,160.2800
147579,01,20170511,NFLX,158.5400
147579,01,20170512,NFLX,160.8100
147579,01,20170515,NFLX,160.0200
147579,01,20170516,NFLX,159.4100
147579,01,20170517,NFLX,153.2000
147579,01,20170518,NFLX,155.7000
147579,01,20170519,NFLX,157.0200
147579,01,20170522,NFLX,157.1600
147579,01,20170523,NFLX,157.9500
147579,01,20170524,NFLX,157.7500
147579,01,20170525,NFLX,163.0500
147579,01,20170526,NFLX,162.4300
147579,01,20170530,NFLX,163.2200
147579,01,20170531,NFLX,163.0700
147579,01,20170601,NFLX,162.9900
147579,01,20170602,NFLX,165.1800
147579,01,20170605,NFLX,165.0600
147579,01,20170606,NFLX,165.1700
147579,01,20170607,NFLX,165.6100
147579,01,20170608,NFLX,165.8800
147579,01,20170609,NFLX,158.0300
147579,01,20170612,NFLX,151.4400
147579,01,20170613,NFLX,152.7200
147579,01,20170614,NFLX,152.2000
147579,01,20170615,NFLX,151.7600
147579,01,20170616,NFLX,152.3800
147579,01,20170619,NFLX,153.4000
147579,01,20170620,NFLX,152.0500
147579,01,20170621,NFLX,155.0300
147579,01,20170622,NFLX,154.8900
147579,01,20170623,NFLX,158.0200
147579,01,20170626,NFLX,157.5000
147579,01,20170627,NFLX,151.0300
147579,01,20170628,NFLX,153.4100
147579,01,20170629,NFLX,150.0900
147579,01,20170630,NFLX,149.4100
147579,01,20170703,NFLX,146.1700
147579,01,20170705,NFLX,147.6100
147579,01,20170706,NFLX,146.2500
147579,01,20170707,NFLX,150.1800
147579,01,20170710,NFLX,152.6700
147579,01,20170711,NFLX,154.3300
147579,01,20170712,NFLX,158.7500
147579,01,20170713,NFLX,158.2100
147579,01,20170714,NFLX,161.1200
147579,01,20170717,NFLX,161.7000
147579,01,20170718,NFLX,183.6000
147579,01,20170719,NFLX,183.8600
147579,01,20170720,NFLX,183.6000
147579,01,20170721,NFLX,188.5400
147579,01,20170724,NFLX,187.9100
147579,01,20170725,NFLX,186.9700
147579,01,20170726,NFLX,189.0800
147579,01,20170727,NFLX,182.6800
147579,01,20170728,NFLX,184.0400
147579,01,20170731,NFLX,181.6600
147579,01,20170801,NFLX,182.0300
147579,01,20170802,NFLX,180.7400
147579,01,20170803,NFLX,179.2300
147579,01,20170804,NFLX,180.2700
147579,01,20170807,NFLX,181.3300
147579,01,20170808,NFLX,178.3600
147579,01,20170809,NFLX,175.7800
147579,01,20170810,NFLX,169.1400
147579,01,20170811,NFLX,171.4000
147579,01,20170814,NFLX,171.0000
147579,01,20170815,NFLX,168.5000
147579,01,20170816,NFLX,169.9800
147579,01,20170817,NFLX,166.0900
147579,01,20170818,NFLX,166.5400
147579,01,20170821,NFLX,166.7600
147579,01,20170822,NFLX,169.3400
147579,01,20170823,NFLX,169.0600
147579,01,20170824,NFLX,168.1300
147579,01,20170825,NFLX,165.9500
147579,01,20170828,NFLX,167.1200
147579,01,20170829,NFLX,168.8100
147579,01,20170830,NFLX,174.6900
147579,01,20170831,NFLX,174.7100
147579,01,20170901,NFLX,174.7400
147579,01,20170905,NFLX,174.5200
147579,01,20170906,NFLX,179.2500
147579,01,20170907,NFLX,179.0000
147579,01,20170908,NFLX,176.4200
147579,01,20170911,NFLX,181.7400
147579,01,20170912,NFLX,185.1500
147579,01,20170913,NFLX,183.6400
147579,01,20170914,NFLX,182.6300
147579,01,20170915,NFLX,182.3500
147579,01,20170918,NFLX,184.6200
147579,01,20170919,NFLX,185.6800
147579,01,20170920,NFLX,185.5100
147579,01,20170921,NFLX,188.7800
147579,01,20170922,NFLX,187.3500
147579,01,20170925,NFLX,178.5500
147579,01,20170926,NFLX,179.3800
147579,01,20170927,NFLX,181.9700
147579,01,20170928,NFLX,180.7000
147579,01,20170929,NFLX,181.3500
147579,01,20171002,NFLX,177.0100
147579,01,20171003,NFLX,179.1900
147579,01,20171004,NFLX,184.4500
147579,01,20171005,NFLX,194.3900
147579,01,20171006,NFLX,198.0200
147579,01,20171009,NFLX,196.8700
147579,01,20171010,NFLX,195.0800
147579,01,20171011,NFLX,194.9500
147579,01,20171012,NFLX,195.8600
147579,01,20171013,NFLX,199.4900
147579,01,20171016,NFLX,202.6800
147579,01,20171017,NFLX,199.4800
147579,01,20171018,NFLX,195.5400
147579,01,20171019,NFLX,195.1300
147579,01,20171020,NFLX,194.1600
147579,01,20171023,NFLX,192.4700
147579,01,20171024,NFLX,196.0200
147579,01,20171025,NFLX,193.7700
147579,01,20171026,NFLX,195.2100
147579,01,20171027,NFLX,199.5400
147579,01,20171030,NFLX,198.3700
147579,01,20171031,NFLX,196.4300
147579,01,20171101,NFLX,198.0000
147579,01,20171102,NFLX,199.3200
147579,01,20171103,NFLX,200.0100
147579,01,20171106,NFLX,200.1300
147579,01,20171107,NFLX,195.8900
147579,01,20171108,NFLX,196.4400
147579,01,20171109,NFLX,193.9000
147579,01,20171110,NFLX,192.0200
147579,01,20171113,NFLX,195.0800
147579,01,20171114,NFLX,195.7100
147579,01,20171115,NFLX,192.1200
147579,01,20171116,NFLX,195.5100
147579,01,20171117,NFLX,193.2000
147579,01,20171120,NFLX,194.1000
147579,01,20171121,NFLX,196.2300
147579,01,20171122,NFLX,196.3200
147579,01,20171124,NFLX,195.7500
147579,01,20171127,NFLX,195.0500
147579,01,20171128,NFLX,199.1800
147579,01,20171129,NFLX,188.1500
147579,01,20171130,NFLX,187.5800
147579,01,20171201,NFLX,186.8200
147579,01,20171204,NFLX,184.0400
147579,01,20171205,NFLX,184.2100
147579,01,20171206,NFLX,185.3000
147579,01,20171207,NFLX,185.2000
147579,01,20171208,NFLX,188.5400
147579,01,20171211,NFLX,186.2200
147579,01,20171212,NFLX,185.7300
147579,01,20171213,NFLX,187.8600
147579,01,20171214,NFLX,189.5600
147579,01,20171215,NFLX,190.1200
147579,01,20171218,NFLX,190.4200
147579,01,20171219,NFLX,187.0200
147579,01,20171220,NFLX,188.8200
147579,01,20171221,NFLX,188.6200
147579,01,20171222,NFLX,189.9400
147579,01,20171226,NFLX,187.7600
147579,01,20171227,NFLX,186.2400
147579,01,20171228,NFLX,192.7100
147579,01,20171229,NFLX,191.9600
147579,01,20180102,NFLX,201.0700
147579,01,20180103,NFLX,205.0500
147579,01,20180104,NFLX,205.6300
147579,01,20180105,NFLX,209.9900
147579,01,20180108,NFLX,212.0500
147579,01,20180109,NFLX,209.3100
147579,01,20180110,NFLX,212.5200
147579,01,20180111,NFLX,217.2400
147579,01,20180112,NFLX,221.2300
147579,01,20180116,NFLX,221.5300
147579,01,20180117,NFLX,217.5000
147579,01,20180118,NFLX,220.3300
147579,01,20180119,NFLX,220.4600
147579,01,20180122,NFLX,227.5800
147579,01,20180123,NFLX,250.2900
147579,01,20180124,NFLX,261.3000
147579,01,20180125,NFLX,269.7000
147579,01,20180126,NFLX,274.6000
147579,01,20180129,NFLX,284.5900
147579,01,20180130,NFLX,278.8000
147579,01,20180131,NFLX,270.3000
147579,01,20180201,NFLX,265.0700
147579,01,20180202,NFLX,267.4300
147579,01,20180205,NFLX,254.2600
147579,01,20180206,NFLX,265.7200
147579,01,20180207,NFLX,264.5600
147579,01,20180208,NFLX,250.1000
147579,01,20180209,NFLX,249.4700
147579,01,20180212,NFLX,257.9500
147579,01,20180213,NFLX,258.2700
147579,01,20180214,NFLX,266.0000
147579,01,20180215,NFLX,280.2700
147579,01,20180216,NFLX,278.5200
147579,01,20180220,NFLX,278.5500
147579,01,20180221,NFLX,281.0400
147579,01,20180222,NFLX,278.1400
147579,01,20180223,NFLX,285.9300
147579,01,20180226,NFLX,294.1600
147579,01,20180227,NFLX,290.6100
147579,01,20180228,NFLX,291.3800
147579,01,20180301,NFLX,290.3900
147579,01,20180302,NFLX,301.0500
147579,01,20180305,NFLX,315.0000
147579,01,20180306,NFLX,325.2200
147579,01,20180307,NFLX,321.1600
147579,01,20180308,NFLX,317.0000
147579,01,20180309,NFLX,331.4400
147579,01,20180312,NFLX,321.3000
147579,01,20180313,NFLX,315.8800
147579,01,20180314,NFLX,321.5500
147579,01,20180315,NFLX,321.0900
147579,01,20180316,NFLX,318.4500
147579,01,20180319,NFLX,313.4800
147579,01,20180320,NFLX,317.5000
147579,01,20180321,NFLX,316.4800
147579,01,20180322,NFLX,306.7000
147579,01,20180323,NFLX,300.9400
147579,01,20180326,NFLX,320.3500
147579,01,20180327,NFLX,300.6900
147579,01,20180328,NFLX,285.7700
147579,01,20180329,NFLX,295.3500
147579,01,20180402,NFLX,280.2900
147579,01,20180403,NFLX,283.6700
147579,01,20180404,NFLX,288.9400
147579,01,20180405,NFLX,293.9700
147579,01,20180406,NFLX,288.8500
147579,01,20180409,NFLX,289.9300
147579,01,20180410,NFLX,298.0700
147579,01,20180411,NFLX,303.6700
147579,01,20180412,NFLX,309.2500
147579,01,20180413,NFLX,311.6500
147579,01,20180416,NFLX,307.7800
147579,01,20180417,NFLX,336.0600
147579,01,20180418,NFLX,334.5200
147579,01,20180419,NFLX,332.7000
147579,01,20180420,NFLX,327.7700
147579,01,20180423,NFLX,318.6900
147579,01,20180424,NFLX,307.0200
147579,01,20180425,NFLX,305.7600
147579,01,20180426,NFLX,313.9800
147579,01,20180427,NFLX,311.7600
147579,01,20180430,NFLX,312.4600
147579,01,20180501,NFLX,313.3000
147579,01,20180502,NFLX,313.3600
147579,01,20180503,NFLX,311.6900
147579,01,20180504,NFLX,320.0900
147579,01,20180507,NFLX,326.2600
147579,01,20180508,NFLX,326.8900
147579,01,20180509,NFLX,330.3000
147579,01,20180510,NFLX,329.6000
147579,01,20180511,NFLX,326.4600
147579,01,20180514,NFLX,328.5300
147579,01,20180515,NFLX,326.1300
147579,01,20180516,NFLX,328.1900
147579,01,20180517,NFLX,325.2200
147579,01,20180518,NFLX,324.1800
147579,01,20180521,NFLX,331.8200
147579,01,20180522,NFLX,331.6200
147579,01,20180523,NFLX,344.7200
147579,01,20180524,NFLX,349.2900
147579,01,20180525,NFLX,351.2900
147579,01,20180529,NFLX,349.7300
147579,01,20180530,NFLX,353.5400
147579,01,20180531,NFLX,351.6000
147579,01,20180601,NFLX,359.9300
147579,01,20180604,NFLX,361.8100
147579,01,20180605,NFLX,365.8000
147579,01,20180606,NFLX,367.4500
147579,01,20180607,NFLX,361.4000
147579,01,20180608,NFLX,360.5700
147579,01,20180611,NFLX,361.4500
147579,01,20180612,NFLX,363.8300
147579,01,20180613,NFLX,379.9300
147579,01,20180614,NFLX,392.8700
147579,01,20180615,NFLX,391.9800
147579,01,20180618,NFLX,390.4000
147579,01,20180619,NFLX,404.9800
147579,01,20180620,NFLX,416.7600
147579,01,20180621,NFLX,415.4400
147579,01,20180622,NFLX,411.0900
147579,01,20180625,NFLX,384.4800
147579,01,20180626,NFLX,399.3900
147579,01,20180627,NFLX,390.3900
147579,01,20180628,NFLX,395.4200
147579,01,20180629,NFLX,391.4300
147579,01,20180702,NFLX,398.1800
147579,01,20180703,NFLX,390.5200
147579,01,20180705,NFLX,398.3900
147579,01,20180706,NFLX,408.2500
147579,01,20180709,NFLX,418.9700
147579,01,20180710,NFLX,415.6300
147579,01,20180711,NFLX,418.6500
147579,01,20180712,NFLX,413.5000
147579,01,20180713,NFLX,395.8000
147579,01,20180716,NFLX,400.4800
147579,01,20180717,NFLX,379.4800
147579,01,20180718,NFLX,375.1300
147579,01,20180719,NFLX,364.2300
147579,01,20180720,NFLX,361.0500
147579,01,20180723,NFLX,362.6600
147579,01,20180724,NFLX,357.3200
147579,01,20180725,NFLX,362.8700
147579,01,20180726,NFLX,363.0900
147579,01,20180727,NFLX,355.2100
147579,01,20180730,NFLX,334.9600
147579,01,20180731,NFLX,337.4500
147579,01,20180801,NFLX,338.3800
147579,01,20180802,NFLX,344.5000
147579,01,20180803,NFLX,343.0900
147579,01,20180806,NFLX,350.9200
147579,01,20180807,NFLX,351.8300
147579,01,20180808,NFLX,347.6100
147579,01,20180809,NFLX,349.3600
147579,01,20180810,NFLX,345.8700
147579,01,20180813,NFLX,341.3100
147579,01,20180814,NFLX,337.4900
147579,01,20180815,NFLX,326.4000
147579,01,20180816,NFLX,322.4400
147579,01,20180817,NFLX,316.7800
147579,01,20180820,NFLX,327.7300
147579,01,20180821,NFLX,338.0200
147579,01,20180822,NFLX,344.4400
147579,01,20180823,NFLX,339.1700
147579,01,20180824,NFLX,358.8200
147579,01,20180827,NFLX,364.5800
147579,01,20180828,NFLX,368.4900
147579,01,20180829,NFLX,368.0400
147579,01,20180830,NFLX,370.9800
147579,01,20180831,NFLX,367.6800
147579,01,20180904,NFLX,363.6000
147579,01,20180905,NFLX,341.1800
147579,01,20180906,NFLX,346.4600
147579,01,20180907,NFLX,348.6800
147579,01,20180910,NFLX,348.4100
147579,01,20180911,NFLX,355.9300
147579,01,20180912,NFLX,369.9500
147579,01,20180913,NFLX,368.1500
147579,01,20180914,NFLX,364.5600
147579,01,20180917,NFLX,350.3500
147579,01,20180918,NFLX,367.6500
147579,01,20180919,NFLX,366.9600
147579,01,20180920,NFLX,365.3600
147579,01,20180921,NFLX,361.1900
147579,01,20180924,NFLX,369.6100
147579,01,20180925,NFLX,369.4300
147579,01,20180926,NFLX,377.8800
147579,01,20180927,NFLX,380.7100
147579,01,20180928,NFLX,374.1300
147579,01,20181001,NFLX,381.4300
147579,01,20181002,NFLX,377.1400
147579,01,20181003,NFLX,377.0500
147579,01,20181004,NFLX,363.6500
147579,01,20181005,NFLX,351.3500
147579,01,20181008,NFLX,349.1000
147579,01,20181009,NFLX,355.7100
147579,01,20181010,NFLX,325.8900
147579,01,20181011,NFLX,321.1000
147579,01,20181012,NFLX,339.5600
147579,01,20181015,NFLX,333.1300
147579,01,20181016,NFLX,346.4000
147579,01,20181017,NFLX,364.7000
147579,01,20181018,NFLX,346.7100
147579,01,20181019,NFLX,332.6700
147579,01,20181022,NFLX,329.5400
147579,01,20181023,NFLX,333.1600
147579,01,20181024,NFLX,301.8300
147579,01,20181025,NFLX,312.8700
147579,01,20181026,NFLX,299.8300
147579,01,20181029,NFLX,284.8400
147579,01,20181030,NFLX,285.8100
147579,01,20181031,NFLX,301.7800
147579,01,20181101,NFLX,317.3800
147579,01,20181102,NFLX,309.1000
147579,01,20181105,NFLX,315.4400
147579,01,20181106,NFLX,310.8400
147579,01,20181107,NFLX,327.5000
147579,01,20181108,NFLX,317.9200
147579,01,20181109,NFLX,303.4700
147579,01,20181112,NFLX,294.0700
147579,01,20181113,NFLX,294.4000
147579,01,20181114,NFLX,286.7300
147579,01,20181115,NFLX,290.0600
147579,01,20181116,NFLX,286.2100
147579,01,20181119,NFLX,270.6000
147579,01,20181120,NFLX,266.9800
147579,01,20181121,NFLX,262.1300
147579,01,20181123,NFLX,258.8200
147579,01,20181126,NFLX,261.4300
147579,01,20181127,NFLX,266.6300
147579,01,20181128,NFLX,282.6500
147579,01,20181129,NFLX,288.7500
147579,01,20181130,NFLX,286.1300
147579,01,20181203,NFLX,290.3000
147579,01,20181204,NFLX,275.3300
147579,01,20181206,NFLX,282.8800
147579,01,20181207,NFLX,265.1400
147579,01,20181210,NFLX,269.7000
147579,01,20181211,NFLX,265.3200
147579,01,20181212,NFLX,274.8800
147579,01,20181213,NFLX,276.0200
147579,01,20181214,NFLX,266.8400
147579,01,20181217,NFLX,262.8000
147579,01,20181218,NFLX,270.9400
147579,01,20181219,NFLX,266.7700
147579,01,20181220,NFLX,260.5800
147579,01,20181221,NFLX,246.3900
147579,01,20181224,NFLX,233.8800
147579,01,20181226,NFLX,253.6700
147579,01,20181227,NFLX,255.5650
147579,01,20181228,NFLX,256.0800
147579,01,20181231,NFLX,267.6600
147579,01,20190102,NFLX,267.6600
147579,01,20190103,NFLX,271.2000
147579,01,20190104,NFLX,297.5700
147579,01,20190107,NFLX,315.3400
147579,01,20190108,NFLX,320.2700
147579,01,20190109,NFLX,319.9600
147579,01,20190110,NFLX,324.6600
147579,01,20190111,NFLX,337.5900
147579,01,20190114,NFLX,332.9400
147579,01,20190115,NFLX,354.6400
147579,01,20190116,NFLX,351.3900
147579,01,20190117,NFLX,353.1900
147579,01,20190118,NFLX,339.1000
147579,01,20190122,NFLX,325.1600
147579,01,20190123,NFLX,321.9900
147579,01,20190124,NFLX,326.6700
147579,01,20190125,NFLX,338.0500
147579,01,20190128,NFLX,335.6600
147579,01,20190129,NFLX,328.9000
147579,01,20190130,NFLX,340.6600
147579,01,20190131,NFLX,339.5000
147579,01,20190201,NFLX,339.8500
147579,01,20190204,NFLX,351.3400
147579,01,20190205,NFLX,355.8100
147579,01,20190206,NFLX,352.1900
147579,01,20190207,NFLX,344.7100
147579,01,20190208,NFLX,347.5700
147579,01,20190211,NFLX,345.7300
147579,01,20190212,NFLX,359.9700
147579,01,20190213,NFLX,351.7700
147579,01,20190214,NFLX,359.0700
147579,01,20190215,NFLX,356.8700
147579,01,20190219,NFLX,361.9200
147579,01,20190220,NFLX,359.9100
147579,01,20190221,NFLX,356.9700
147579,01,20190222,NFLX,363.0200
147579,01,20190225,NFLX,363.9100
147579,01,20190226,NFLX,364.9700
147579,01,20190227,NFLX,362.8700
147579,01,20190228,NFLX,358.1000
147579,01,20190301,NFLX,357.3200
147579,01,20190304,NFLX,351.0400
147579,01,20190305,NFLX,354.3000
147579,01,20190306,NFLX,359.6100
147579,01,20190307,NFLX,352.6000
147579,01,20190308,NFLX,349.6000
147579,01,20190311,NFLX,358.8600
147579,01,20190312,NFLX,356.2700
147579,01,20190313,NFLX,361.2100
147579,01,20190314,NFLX,358.8200
147579,01,20190315,NFLX,361.4600
147579,01,20190318,NFLX,363.4400
147579,01,20190319,NFLX,358.7800
147579,01,20190320,NFLX,375.2200
147579,01,20190321,NFLX,377.8700
147579,01,20190322,NFLX,361.0100
147579,01,20190325,NFLX,366.2300
147579,01,20190326,NFLX,359.9700
147579,01,20190327,NFLX,353.3700
147579,01,20190328,NFLX,354.6100
147579,01,20190329,NFLX,356.5600
147579,01,20190401,NFLX,366.9600
147579,01,20190402,NFLX,367.7200
147579,01,20190403,NFLX,369.7500
147579,01,20190404,NFLX,367.8800
147579,01,20190405,NFLX,365.4900
147579,01,20190408,NFLX,361.4100
147579,01,20190409,NFLX,364.7100
147579,01,20190410,NFLX,363.9200
147579,01,20190411,NFLX,367.6500
147579,01,20190412,NFLX,351.1400
147579,01,20190415,NFLX,348.8700
147579,01,20190416,NFLX,359.4600
147579,01,20190417,NFLX,354.7400
147579,01,20190418,NFLX,360.3500
147579,01,20190422,NFLX,377.3400
147579,01,20190423,NFLX,381.8900
147579,01,20190424,NFLX,374.2300
147579,01,20190425,NFLX,368.3300
147579,01,20190426,NFLX,374.8500
147579,01,20190429,NFLX,371.8300
147579,01,20190430,NFLX,370.5400
147579,01,20190501,NFLX,378.8100
147579,01,20190502,NFLX,379.0600
147579,01,20190503,NFLX,385.0300
147579,01,20190506,NFLX,378.6700
147579,01,20190507,NFLX,370.4600
147579,01,20190508,NFLX,364.3700
147579,01,20190509,NFLX,362.7500
147579,01,20190510,NFLX,361.0400
147579,01,20190513,NFLX,345.2600
147579,01,20190514,NFLX,345.6100
147579,01,20190515,NFLX,354.9900
147579,01,20190516,NFLX,359.3100
147579,01,20190517,NFLX,354.4500
147579,01,20190520,NFLX,348.1100
147579,01,20190521,NFLX,354.2700
147579,01,20190522,NFLX,359.7300
147579,01,20190523,NFLX,352.2100
147579,01,20190524,NFLX,354.3900
147579,01,20190528,NFLX,354.7800
147579,01,20190529,NFLX,349.1900
147579,01,20190530,NFLX,351.8500
147579,01,20190531,NFLX,343.2800
147579,01,20190603,NFLX,336.6300
147579,01,20190604,NFLX,353.4000
147579,01,20190605,NFLX,355.7300
147579,01,20190606,NFLX,357.1300
147579,01,20190607,NFLX,360.8700
147579,01,20190610,NFLX,352.0100
147579,01,20190611,NFLX,351.2700
147579,01,20190612,NFLX,345.5600
147579,01,20190613,NFLX,343.4300
147579,01,20190614,NFLX,339.7300
147579,01,20190617,NFLX,350.6200
147579,01,20190618,NFLX,357.1200
147579,01,20190619,NFLX,363.5200
147579,01,20190620,NFLX,365.2100
147579,01,20190621,NFLX,369.2100
147579,01,20190624,NFLX,371.0400
147579,01,20190625,NFLX,360.3000
147579,01,20190626,NFLX,362.2000
147579,01,20190627,NFLX,370.0200
147579,01,20190628,NFLX,367.3200
147579,01,20190701,NFLX,374.6000
147579,01,20190702,NFLX,375.4300
147579,01,20190703,NFLX,381.7200
147579,01,20190705,NFLX,380.5500
147579,01,20190708,NFLX,376.1600
147579,01,20190709,NFLX,379.9300
147579,01,20190710,NFLX,381.0000
147579,01,20190711,NFLX,379.5000
147579,01,20190712,NFLX,373.2500
147579,01,20190715,NFLX,366.6000
147579,01,20190716,NFLX,365.9900
147579,01,20190717,NFLX,362.4400
147579,01,20190718,NFLX,325.2100
147579,01,20190719,NFLX,315.1000
147579,01,20190722,NFLX,310.6200
147579,01,20190723,NFLX,307.3000
147579,01,20190724,NFLX,317.9400
147579,01,20190725,NFLX,326.4600
147579,01,20190726,NFLX,335.7800
147579,01,20190729,NFLX,332.7000
147579,01,20190730,NFLX,325.9300
147579,01,20190731,NFLX,322.9900
147579,01,20190801,NFLX,319.5000
147579,01,20190802,NFLX,318.8300
147579,01,20190805,NFLX,307.6300
147579,01,20190806,NFLX,310.1000
147579,01,20190807,NFLX,304.2900
147579,01,20190808,NFLX,315.9000
147579,01,20190809,NFLX,308.9300
147579,01,20190812,NFLX,310.8300
147579,01,20190813,NFLX,312.2800
147579,01,20190814,NFLX,299.1100
147579,01,20190815,NFLX,295.7600
147579,01,20190816,NFLX,302.8000
147579,01,20190819,NFLX,309.3800
147579,01,20190820,NFLX,298.9900
147579,01,20190821,NFLX,297.8100
147579,01,20190822,NFLX,296.9300
147579,01,20190823,NFLX,291.4400
147579,01,20190826,NFLX,294.9800
147579,01,20190827,NFLX,291.0300
147579,01,20190828,NFLX,291.7700
147579,01,20190829,NFLX,296.7800
147579,01,20190830,NFLX,293.7500
147579,01,20190903,NFLX,289.2900
147579,01,20190904,NFLX,291.5200
147579,01,20190905,NFLX,293.2500
147579,01,20190906,NFLX,290.1700
147579,01,20190909,NFLX,294.3400
147579,01,20190910,NFLX,287.9900
147579,01,20190911,NFLX,288.2700
147579,01,20190912,NFLX,288.8600
147579,01,20190913,NFLX,294.1500
147579,01,20190916,NFLX,294.2900
147579,01,20190917,NFLX,298.6000
147579,01,20190918,NFLX,291.5600
147579,01,20190919,NFLX,286.6000
147579,01,20190920,NFLX,270.7500
147579,01,20190923,NFLX,265.9200
147579,01,20190924,NFLX,254.5900
147579,01,20190925,NFLX,264.7500
147579,01,20190926,NFLX,263.3100
147579,01,20190927,NFLX,263.0800
147579,01,20190930,NFLX,267.6200
147579,01,20191001,NFLX,269.5800
147579,01,20191002,NFLX,268.0300
147579,01,20191003,NFLX,268.1500
147579,01,20191004,NFLX,272.7900
147579,01,20191007,NFLX,274.4600
147579,01,20191008,NFLX,270.7200
147579,01,20191009,NFLX,267.5300
147579,01,20191010,NFLX,280.4800
147579,01,20191011,NFLX,282.9300
147579,01,20191014,NFLX,285.5300
147579,01,20191015,NFLX,284.2500
147579,01,20191016,NFLX,286.2800
147579,01,20191017,NFLX,293.3500
147579,01,20191018,NFLX,275.3000
147579,01,20191021,NFLX,278.0500
147579,01,20191022,NFLX,266.6900
147579,01,20191023,NFLX,271.2700
147579,01,20191024,NFLX,271.5000
147579,01,20191025,NFLX,276.8200
147579,01,20191028,NFLX,281.8600
147579,01,20191029,NFLX,281.2100
147579,01,20191030,NFLX,291.4500
147579,01,20191031,NFLX,287.4100
147579,01,20191101,NFLX,286.8100
147579,01,20191104,NFLX,292.8600
147579,01,20191105,NFLX,288.0300
147579,01,20191106,NFLX,288.5900
147579,01,20191107,NFLX,289.5700
147579,01,20191108,NFLX,291.5700
147579,01,20191111,NFLX,294.1800
147579,01,20191112,NFLX,292.0100
147579,01,20191113,NFLX,283.1100
147579,01,20191114,NFLX,289.6200
147579,01,20191115,NFLX,295.0300
147579,01,20191118,NFLX,302.5700
147579,01,20191119,NFLX,302.6000
147579,01,20191120,NFLX,305.1600
147579,01,20191121,NFLX,311.6900
147579,01,20191122,NFLX,310.4800
147579,01,20191125,NFLX,315.5500
147579,01,20191126,NFLX,312.4900
147579,01,20191127,NFLX,315.9300
147579,01,20191129,NFLX,314.6600
147579,01,20191202,NFLX,309.9900
147579,01,20191203,NFLX,306.1600
147579,01,20191204,NFLX,304.3200
147579,01,20191205,NFLX,302.8600
147579,01,20191206,NFLX,307.3500
147579,01,20191209,NFLX,302.5000
147579,01,20191210,NFLX,293.1200
147579,01,20191211,NFLX,298.9300
147579,01,20191212,NFLX,298.4400
147579,01,20191213,NFLX,298.5000
147579,01,20191216,NFLX,304.2100
147579,01,20191217,NFLX,315.4800
147579,01,20191218,NFLX,320.8000
147579,01,20191219,NFLX,332.2200
147579,01,20191220,NFLX,336.9000
147579,01,20191223,NFLX,333.1000
147579,01,20191224,NFLX,333.2000
147579,01,20191226,NFLX,332.6300
147579,01,20191227,NFLX,329.0900
147579,01,20191230,NFLX,323.3100
147579,01,20191231,NFLX,323.5700
147579,01,20200102,NFLX,329.8100
147579,01,20200103,NFLX,325.9000
147579,01,20200106,NFLX,335.8300
147579,01,20200107,NFLX,330.7500
147579,01,20200108,NFLX,339.2600
147579,01,20200109,NFLX,335.6600
147579,01,20200110,NFLX,329.0500
147579,01,20200113,NFLX,338.9200
147579,01,20200114,NFLX,338.6900
147579,01,20200115,NFLX,339.0700
147579,01,20200116,NFLX,338.6200
147579,01,20200117,NFLX,339.6700
147579,01,20200121,NFLX,338.1100
147579,01,20200122,NFLX,326.0000
147579,01,20200123,NFLX,349.6000
147579,01,20200124,NFLX,353.1600
147579,01,20200127,NFLX,342.8800
147579,01,20200128,NFLX,348.5200
147579,01,20200129,NFLX,343.1600
147579,01,20200130,NFLX,347.7400
147579,01,20200131,NFLX,345.0900
147579,01,20200203,NFLX,358.0000
147579,01,20200204,NFLX,369.0100
147579,01,20200205,NFLX,369.6700
147579,01,20200206,NFLX,366.9500
147579,01,20200207,NFLX,366.7700
147579,01,20200210,NFLX,371.0700
147579,01,20200211,NFLX,373.6900
147579,01,20200212,NFLX,380.0100
147579,01,20200213,NFLX,381.4000
147579,01,20200214,NFLX,380.4000
147579,01,20200218,NFLX,387.7800
147579,01,20200219,NFLX,386.1900
147579,01,20200220,NFLX,386.0000
147579,01,20200221,NFLX,380.0700
147579,01,20200224,NFLX,368.7000
147579,01,20200225,NFLX,360.0900
147579,01,20200226,NFLX,379.2400
147579,01,20200227,NFLX,371.7100
147579,01,20200228,NFLX,369.0300
147579,01,20200302,NFLX,381.0500
147579,01,20200303,NFLX,368.7700
147579,01,20200304,NFLX,383.7900
147579,01,20200305,NFLX,372.7800
147579,01,20200306,NFLX,368.9700
147579,01,20200309,NFLX,346.4900
147579,01,20200310,NFLX,364.1300
147579,01,20200311,NFLX,349.9200
147579,01,20200312,NFLX,315.2500
147579,01,20200313,NFLX,336.2950
147579,01,20200316,NFLX,298.8400
147579,01,20200317,NFLX,319.7500
147579,01,20200318,NFLX,315.4700
147579,01,20200319,NFLX,332.0300
147579,01,20200320,NFLX,332.8300
147579,01,20200323,NFLX,360.2700
147579,01,20200324,NFLX,357.3200
147579,01,20200325,NFLX,342.3900
147579,01,20200326,NFLX,362.9900
147579,01,20200327,NFLX,357.1200
147579,01,20200330,NFLX,370.9600
147579,01,20200331,NFLX,375.5000
147579,01,20200401,NFLX,364.0800
147579,01,20200402,NFLX,370.0800
147579,01,20200403,NFLX,361.7600
147579,01,20200406,NFLX,379.9600
147579,01,20200407,NFLX,372.2800
147579,01,20200408,NFLX,371.1200
147579,01,20200409,NFLX,370.7200
147579,01,20200413,NFLX,396.7200
147579,01,20200414,NFLX,413.5500
147579,01,20200415,NFLX,426.7500
147579,01,20200416,NFLX,439.1700
147579,01,20200417,NFLX,422.9600
147579,01,20200420,NFLX,437.4900
147579,01,20200421,NFLX,433.8300
147579,01,20200422,NFLX,421.4200
147579,01,20200423,NFLX,426.7000
147579,01,20200424,NFLX,424.9900
147579,01,20200427,NFLX,421.3800
147579,01,20200428,NFLX,403.8300
147579,01,20200429,NFLX,411.8900
147579,01,20200430,NFLX,419.8500
147579,01,20200501,NFLX,415.2700
147579,01,20200504,NFLX,428.1500
147579,01,20200505,NFLX,424.6800
147579,01,20200506,NFLX,434.2600
147579,01,20200507,NFLX,436.5300
147579,01,20200508,NFLX,435.5500
147579,01,20200511,NFLX,440.5200
147579,01,20200512,NFLX,431.8200
147579,01,20200513,NFLX,438.2700
147579,01,20200514,NFLX,441.9500
147579,01,20200515,NFLX,454.1900
147579,01,20200518,NFLX,452.5800
147579,01,20200519,NFLX,451.0400
147579,01,20200520,NFLX,447.6700
147579,01,20200521,NFLX,436.2500
147579,01,20200522,NFLX,429.3200
147579,01,20200526,NFLX,414.7700
147579,01,20200527,NFLX,419.8900
147579,01,20200528,NFLX,413.4400
147579,01,20200529,NFLX,419.7300
147579,01,20200601,NFLX,425.9200
147579,01,20200602,NFLX,427.3100
147579,01,20200603,NFLX,421.9700
147579,01,20200604,NFLX,414.3300
147579,01,20200605,NFLX,419.6000
147579,01,20200608,NFLX,419.4900
147579,01,20200609,NFLX,434.0500
147579,01,20200610,NFLX,434.4800
147579,01,20200611,NFLX,425.5600
147579,01,20200612,NFLX,418.0700
147579,01,20200615,NFLX,425.5000
147579,01,20200616,NFLX,436.1300
147579,01,20200617,NFLX,447.7700
147579,01,20200618,NFLX,449.8700
147579,01,20200619,NFLX,453.7200
147579,01,20200622,NFLX,468.0400
147579,01,20200623,NFLX,466.2600
147579,01,20200624,NFLX,457.8500
147579,01,20200625,NFLX,465.9100
147579,01,20200626,NFLX,443.4000
147579,01,20200629,NFLX,447.2400
147579,01,20200630,NFLX,455.0400
147579,01,20200701,NFLX,485.6400
147579,01,20200702,NFLX,476.8900
147579,01,20200706,NFLX,493.8100
147579,01,20200707,NFLX,493.1600
147579,01,20200708,NFLX,502.7800
147579,01,20200709,NFLX,507.7600
147579,01,20200710,NFLX,548.7300
147579,01,20200713,NFLX,525.5000
147579,01,20200714,NFLX,524.8800
147579,01,20200715,NFLX,523.2600
147579,01,20200716,NFLX,527.3900
147579,01,20200717,NFLX,492.9900
147579,01,20200720,NFLX,502.4100
147579,01,20200721,NFLX,490.1000
147579,01,20200722,NFLX,489.8200
147579,01,20200723,NFLX,477.5800
147579,01,20200724,NFLX,480.4500
147579,01,20200727,NFLX,495.6500
147579,01,20200728,NFLX,488.5100
147579,01,20200729,NFLX,484.4800
147579,01,20200730,NFLX,485.8000
147579,01,20200731,NFLX,488.8800
147579,01,20200803,NFLX,498.6200
147579,01,20200804,NFLX,509.6400
147579,01,20200805,NFLX,502.1100
147579,01,20200806,NFLX,509.0800
147579,01,20200807,NFLX,494.7300
147579,01,20200810,NFLX,483.3800
147579,01,20200811,NFLX,466.9300
147579,01,20200812,NFLX,475.4700
147579,01,20200813,NFLX,481.3300
147579,01,20200814,NFLX,482.6800
147579,01,20200817,NFLX,482.3500
147579,01,20200818,NFLX,491.8700
147579,01,20200819,NFLX,484.5300
147579,01,20200820,NFLX,497.9000
147579,01,20200821,NFLX,492.3100
147579,01,20200824,NFLX,488.8100
147579,01,20200825,NFLX,490.5800
147579,01,20200826,NFLX,547.5300
147579,01,20200827,NFLX,526.2700
147579,01,20200828,NFLX,523.8900
147579,01,20200831,NFLX,529.5600
147579,01,20200901,NFLX,556.5500
147579,01,20200902,NFLX,552.8400
147579,01,20200903,NFLX,525.7500
147579,01,20200904,NFLX,516.0500
147579,01,20200908,NFLX,507.0200
147579,01,20200909,NFLX,500.1900
147579,01,20200910,NFLX,480.6700
147579,01,20200911,NFLX,482.0300
147579,01,20200914,NFLX,476.2600
147579,01,20200915,NFLX,495.9900
147579,01,20200916,NFLX,483.8600
147579,01,20200917,NFLX,470.2000
147579,01,20200918,NFLX,469.9600
147579,01,20200921,NFLX,487.3500
147579,01,20200922,NFLX,491.1700
147579,01,20200923,NFLX,470.6100
147579,01,20200924,NFLX,473.0800
147579,01,20200925,NFLX,482.8800
147579,01,20200928,NFLX,490.6500
147579,01,20200929,NFLX,493.4800
147579,01,20200930,NFLX,500.0300
147579,01,20201001,NFLX,527.5100
147579,01,20201002,NFLX,503.0600
147579,01,20201005,NFLX,520.6500
147579,01,20201006,NFLX,505.8700
147579,01,20201007,NFLX,534.6600
147579,01,20201008,NFLX,531.7900
147579,01,20201009,NFLX,539.4400
147579,01,20201012,NFLX,539.8100
147579,01,20201013,NFLX,554.0900
147579,01,20201014,NFLX,541.4500
147579,01,20201015,NFLX,541.9400
147579,01,20201016,NFLX,530.7900
147579,01,20201019,NFLX,530.7200
147579,01,20201020,NFLX,525.4200
147579,01,20201021,NFLX,489.0500
147579,01,20201022,NFLX,485.2300
147579,01,20201023,NFLX,488.2800
147579,01,20201026,NFLX,488.2400
147579,01,20201027,NFLX,488.9300
147579,01,20201028,NFLX,486.2400
147579,01,20201029,NFLX,504.2100
147579,01,20201030,NFLX,475.7400
147579,01,20201102,NFLX,484.1200
147579,01,20201103,NFLX,487.2200
147579,01,20201104,NFLX,496.9500
147579,01,20201105,NFLX,513.7600
147579,01,20201106,NFLX,514.7300
147579,01,20201109,NFLX,470.5000
147579,01,20201110,NFLX,480.2400
147579,01,20201111,NFLX,490.7600
147579,01,20201112,NFLX,486.7700
147579,01,20201113,NFLX,482.8400
147579,01,20201116,NFLX,479.1000
147579,01,20201117,NFLX,480.6300
147579,01,20201118,NFLX,481.7900
147579,01,20201119,NFLX,484.6700
147579,01,20201120,NFLX,488.2400
147579,01,20201123,NFLX,476.6200
147579,01,20201124,NFLX,482.8800
147579,01,20201125,NFLX,485.0000
147579,01,20201127,NFLX,491.3600
147579,01,20201130,NFLX,490.7000
147579,01,20201201,NFLX,504.5800
147579,01,20201202,NFLX,503.3800
147579,01,20201203,NFLX,497.5200
147579,01,20201204,NFLX,498.3100
147579,01,20201207,NFLX,515.7800
147579,01,20201208,NFLX,512.6600
147579,01,20201209,NFLX,493.6000
147579,01,20201210,NFLX,501.0900
147579,01,20201211,NFLX,503.2200
147579,01,20201214,NFLX,522.4200
147579,01,20201215,NFLX,519.7800
147579,01,20201216,NFLX,524.8300
147579,01,20201217,NFLX,532.9000
147579,01,20201218,NFLX,534.4500
147579,01,20201221,NFLX,528.9100
147579,01,20201222,NFLX,527.3300
147579,01,20201223,NFLX,514.4800
147579,01,20201224,NFLX,513.9700
147579,01,20201228,NFLX,519.1200
147579,01,20201229,NFLX,530.8700
147579,01,20201230,NFLX,524.5900
147579,01,20201231,NFLX,540.7300
147579,01,20210104,NFLX,522.8600
147579,01,20210105,NFLX,520.8000
147579,01,20210106,NFLX,500.4900
147579,01,20210107,NFLX,508.8900
147579,01,20210108,NFLX,510.4000
147579,01,20210111,NFLX,499.1000
147579,01,20210112,NFLX,494.2500
147579,01,20210113,NFLX,507.7900
147579,01,20210114,NFLX,500.8600
147579,01,20210115,NFLX,497.9800
147579,01,20210119,NFLX,501.7700
147579,01,20210120,NFLX,586.3400
147579,01,20210121,NFLX,579.8400
